[{"model": "DreamsApp.maritalstatus", "pk": 1, "fields": {"code": "1", "name": "Single"}}, {"model": "DreamsApp.maritalstatus", "pk": 2, "fields": {"code": "2", "name": "Married/Cohabiting"}}, {"model": "DreamsApp.maritalstatus", "pk": 3, "fields": {"code": "3", "name": "Separated/Divorced"}}, {"model": "DreamsApp.maritalstatus", "pk": 4, "fields": {"code": "4", "name": "Widowed"}}, {"model": "DreamsApp.county", "pk": 1, "fields": {"code": "Nairobi", "name": "Nairobi"}}, {"model": "DreamsApp.county", "pk": 2, "fields": {"code": "Kisumu", "name": "Kisumu"}}, {"model": "DreamsApp.county", "pk": 3, "fields": {"code": "Homabay", "name": "Homabay"}}, {"model": "DreamsApp.county", "pk": 4, "fields": {"code": "Siaya", "name": "Siaya"}}, {"model": "DreamsApp.subcounty", "pk": 39, "fields": {"county": 4, "code": "Alego Usonga", "name": "Alego Usonga"}}, {"model": "DreamsApp.subcounty", "pk": 40, "fields": {"county": 4, "code": "Bondo", "name": "Bondo"}}, {"model": "DreamsApp.subcounty", "pk": 41, "fields": {"county": 4, "code": "Gem", "name": "Gem"}}, {"model": "DreamsApp.subcounty", "pk": 42, "fields": {"county": 4, "code": "Rarieda", "name": "Rarieda"}}, {"model": "DreamsApp.subcounty", "pk": 43, "fields": {"county": 4, "code": "Ugenya", "name": "Ugenya"}}, {"model": "DreamsApp.subcounty", "pk": 44, "fields": {"county": 4, "code": "Ugunja", "name": "Ugunja"}}, {"model": "DreamsApp.subcounty", "pk": 45, "fields": {"county": 1, "code": "Dagoretti North", "name": "Dagoretti North"}}, {"model": "DreamsApp.subcounty", "pk": 46, "fields": {"county": 1, "code": "Dagoretti South", "name": "Dagoretti South"}}, {"model": "DreamsApp.subcounty", "pk": 47, "fields": {"county": 1, "code": "Embakasi Central", "name": "Embakasi Central"}}, {"model": "DreamsApp.subcounty", "pk": 48, "fields": {"county": 1, "code": "Embakasi East", "name": "Embakasi East"}}, {"model": "DreamsApp.subcounty", "pk": 49, "fields": {"county": 1, "code": "Embakasi North", "name": "Embakasi North"}}, {"model": "DreamsApp.subcounty", "pk": 50, "fields": {"county": 1, "code": "Embakasi South", "name": "Embakasi South"}}, {"model": "DreamsApp.subcounty", "pk": 51, "fields": {"county": 1, "code": "Embakasi West", "name": "Embakasi West"}}, {"model": "DreamsApp.subcounty", "pk": 52, "fields": {"county": 1, "code": "Kamukunji", "name": "Kamukunji"}}, {"model": "DreamsApp.subcounty", "pk": 53, "fields": {"county": 1, "code": "Kasarani", "name": "Kasarani"}}, {"model": "DreamsApp.subcounty", "pk": 54, "fields": {"county": 1, "code": "Kibra", "name": "Kibra"}}, {"model": "DreamsApp.subcounty", "pk": 55, "fields": {"county": 1, "code": "Langata", "name": "Langata"}}, {"model": "DreamsApp.subcounty", "pk": 56, "fields": {"county": 1, "code": "Makadara", "name": "Makadara"}}, {"model": "DreamsApp.subcounty", "pk": 57, "fields": {"county": 1, "code": "Mathare", "name": "Mathare"}}, {"model": "DreamsApp.subcounty", "pk": 58, "fields": {"county": 1, "code": "Ruaraka", "name": "Ruaraka"}}, {"model": "DreamsApp.subcounty", "pk": 59, "fields": {"county": 1, "code": "Starehe", "name": "Starehe"}}, {"model": "DreamsApp.subcounty", "pk": 60, "fields": {"county": 1, "code": "Westlands", "name": "Westlands"}}, {"model": "DreamsApp.subcounty", "pk": 61, "fields": {"county": 3, "code": "Homa Bay Town", "name": "Homa Bay Town"}}, {"model": "DreamsApp.subcounty", "pk": 62, "fields": {"county": 3, "code": "Kabondo Kasipul", "name": "Kabondo Kasipul"}}, {"model": "DreamsApp.subcounty", "pk": 63, "fields": {"county": 3, "code": "Karachuonyo", "name": "Karachuonyo"}}, {"model": "DreamsApp.subcounty", "pk": 64, "fields": {"county": 3, "code": "Kasipul", "name": "Kasipul"}}, {"model": "DreamsApp.subcounty", "pk": 65, "fields": {"county": 3, "code": "Mbita", "name": "Mbita"}}, {"model": "DreamsApp.subcounty", "pk": 66, "fields": {"county": 3, "code": "Ndhiwa", "name": "Ndhiwa"}}, {"model": "DreamsApp.subcounty", "pk": 67, "fields": {"county": 3, "code": "Rangwe", "name": "Rangwe"}}, {"model": "DreamsApp.subcounty", "pk": 68, "fields": {"county": 3, "code": "Suba", "name": "Suba"}}, {"model": "DreamsApp.subcounty", "pk": 69, "fields": {"county": 2, "code": "Kisumu Central", "name": "Kisumu Central"}}, {"model": "DreamsApp.subcounty", "pk": 70, "fields": {"county": 2, "code": "Kisumu East", "name": "Kisumu East"}}, {"model": "DreamsApp.subcounty", "pk": 71, "fields": {"county": 2, "code": "Kisumu West", "name": "Kisumu West"}}, {"model": "DreamsApp.subcounty", "pk": 72, "fields": {"county": 2, "code": "Muhoroni", "name": "Muhoroni"}}, {"model": "DreamsApp.subcounty", "pk": 73, "fields": {"county": 2, "code": "Nyakach", "name": "Nyakach"}}, {"model": "DreamsApp.subcounty", "pk": 74, "fields": {"county": 2, "code": "Nyando", "name": "Nyando"}}, {"model": "DreamsApp.subcounty", "pk": 75, "fields": {"county": 2, "code": "Seme", "name": "Seme"}}, {"model": "DreamsApp.subcounty", "pk": 76, "fields": {"county": 1, "code": "Roysambu", "name": "Roysambu"}}, {"model": "DreamsApp.ward", "pk": 191, "fields": {"sub_county": 61, "code": "1242", "name": "Homa Bay Arujo"}}, {"model": "DreamsApp.ward", "pk": 192, "fields": {"sub_county": 61, "code": "1241", "name": "Homa Bay Central"}}, {"model": "DreamsApp.ward", "pk": 193, "fields": {"sub_county": 61, "code": "1244", "name": "Homa Bay East"}}, {"model": "DreamsApp.ward", "pk": 194, "fields": {"sub_county": 61, "code": "1243", "name": "Homa Bay West"}}, {"model": "DreamsApp.ward", "pk": 195, "fields": {"sub_county": 62, "code": "1226", "name": "Kabondo East"}}, {"model": "DreamsApp.ward", "pk": 196, "fields": {"sub_county": 62, "code": "1227", "name": "Kabondo West"}}, {"model": "DreamsApp.ward", "pk": 197, "fields": {"sub_county": 62, "code": "1229", "name": "Kojwach"}}, {"model": "DreamsApp.ward", "pk": 198, "fields": {"sub_county": 62, "code": "1228", "name": "Kokwanyo/Kakelo"}}, {"model": "DreamsApp.ward", "pk": 199, "fields": {"sub_county": 63, "code": "1232", "name": "Central"}}, {"model": "DreamsApp.ward", "pk": 200, "fields": {"sub_county": 63, "code": "1233", "name": "Kanyaluo"}}, {"model": "DreamsApp.ward", "pk": 201, "fields": {"sub_county": 63, "code": "1236", "name": "Kendu Bay Town"}}, {"model": "DreamsApp.ward", "pk": 202, "fields": {"sub_county": 63, "code": "1234", "name": "Kibiri"}}, {"model": "DreamsApp.ward", "pk": 203, "fields": {"sub_county": 63, "code": "1231", "name": "North Karachuonyo"}}, {"model": "DreamsApp.ward", "pk": 204, "fields": {"sub_county": 63, "code": "1235", "name": "Wangchieng"}}, {"model": "DreamsApp.ward", "pk": 205, "fields": {"sub_county": 63, "code": "1230", "name": "West Karachuonyo"}}, {"model": "DreamsApp.ward", "pk": 206, "fields": {"sub_county": 64, "code": "1223", "name": "Central Kasipul"}}, {"model": "DreamsApp.ward", "pk": 207, "fields": {"sub_county": 64, "code": "1224", "name": "East Kamagak"}}, {"model": "DreamsApp.ward", "pk": 208, "fields": {"sub_county": 64, "code": "1222", "name": "South Kasipul"}}, {"model": "DreamsApp.ward", "pk": 209, "fields": {"sub_county": 64, "code": "1225", "name": "West Kamagak"}}, {"model": "DreamsApp.ward", "pk": 210, "fields": {"sub_county": 64, "code": "1221", "name": "West Kasipul"}}, {"model": "DreamsApp.ward", "pk": 211, "fields": {"sub_county": 65, "code": "1255", "name": "Gembe"}}, {"model": "DreamsApp.ward", "pk": 212, "fields": {"sub_county": 65, "code": "1254", "name": "Kasgunga"}}, {"model": "DreamsApp.ward", "pk": 213, "fields": {"sub_county": 65, "code": "1256", "name": "Lambwe"}}, {"model": "DreamsApp.ward", "pk": 214, "fields": {"sub_county": 65, "code": "1252", "name": "Mfangano Island"}}, {"model": "DreamsApp.ward", "pk": 215, "fields": {"sub_county": 65, "code": "1253", "name": "Rusinga Island"}}, {"model": "DreamsApp.ward", "pk": 216, "fields": {"sub_county": 66, "code": "1249", "name": "Kabuoch South/Pala"}}, {"model": "DreamsApp.ward", "pk": 217, "fields": {"sub_county": 66, "code": "1246", "name": "Kanyadoto"}}, {"model": "DreamsApp.ward", "pk": 218, "fields": {"sub_county": 66, "code": "1250", "name": "Kanyamwa Kologi"}}, {"model": "DreamsApp.ward", "pk": 219, "fields": {"sub_county": 66, "code": "1251", "name": "Kanyamwa Kosewe"}}, {"model": "DreamsApp.ward", "pk": 220, "fields": {"sub_county": 66, "code": "1247", "name": "Kanyikela"}}, {"model": "DreamsApp.ward", "pk": 221, "fields": {"sub_county": 66, "code": "1245", "name": "Kwabwai"}}, {"model": "DreamsApp.ward", "pk": 222, "fields": {"sub_county": 66, "code": "1248", "name": "North Kabuoch"}}, {"model": "DreamsApp.ward", "pk": 223, "fields": {"sub_county": 67, "code": "1238", "name": "East Gem"}}, {"model": "DreamsApp.ward", "pk": 224, "fields": {"sub_county": 67, "code": "1239", "name": "Kagan"}}, {"model": "DreamsApp.ward", "pk": 225, "fields": {"sub_county": 67, "code": "1240", "name": "Kochia"}}, {"model": "DreamsApp.ward", "pk": 226, "fields": {"sub_county": 67, "code": "1237", "name": "West Gem"}}, {"model": "DreamsApp.ward", "pk": 227, "fields": {"sub_county": 68, "code": "1258", "name": "Gwassi North"}}, {"model": "DreamsApp.ward", "pk": 228, "fields": {"sub_county": 68, "code": "1257", "name": "Gwassi South"}}, {"model": "DreamsApp.ward", "pk": 229, "fields": {"sub_county": 68, "code": "1259", "name": "Kaksingri West"}}, {"model": "DreamsApp.ward", "pk": 230, "fields": {"sub_county": 68, "code": "1260", "name": "Ruma Kaksingri East"}}, {"model": "DreamsApp.ward", "pk": 231, "fields": {"sub_county": 69, "code": "1200", "name": "Kondele"}}, {"model": "DreamsApp.ward", "pk": 232, "fields": {"sub_county": 69, "code": "1199", "name": "Market Milimani"}}, {"model": "DreamsApp.ward", "pk": 233, "fields": {"sub_county": 69, "code": "1197", "name": "Migosi"}}, {"model": "DreamsApp.ward", "pk": 234, "fields": {"sub_county": 68, "code": "1201", "name": "Nyalenda B"}}, {"model": "DreamsApp.ward", "pk": 235, "fields": {"sub_county": 68, "code": "1196", "name": "Railways"}}, {"model": "DreamsApp.ward", "pk": 236, "fields": {"sub_county": 69, "code": "1198", "name": "Shaurimoyo Kaloleni"}}, {"model": "DreamsApp.ward", "pk": 237, "fields": {"sub_county": 70, "code": "1186", "name": "Kajulu"}}, {"model": "DreamsApp.ward", "pk": 238, "fields": {"sub_county": 70, "code": "1190", "name": "Kolwa Central"}}, {"model": "DreamsApp.ward", "pk": 239, "fields": {"sub_county": 70, "code": "1187", "name": "Kolwa East"}}, {"model": "DreamsApp.ward", "pk": 240, "fields": {"sub_county": 70, "code": "1188", "name": "Manyatta 'B'"}}, {"model": "DreamsApp.ward", "pk": 241, "fields": {"sub_county": 70, "code": "1189", "name": "Nyalenda 'A'"}}, {"model": "DreamsApp.ward", "pk": 242, "fields": {"sub_county": 71, "code": "1192", "name": "Central Kisumu"}}, {"model": "DreamsApp.ward", "pk": 243, "fields": {"sub_county": 71, "code": "1193", "name": "Kisumu North"}}, {"model": "DreamsApp.ward", "pk": 244, "fields": {"sub_county": 71, "code": "1195", "name": "North West Kisumu"}}, {"model": "DreamsApp.ward", "pk": 245, "fields": {"sub_county": 71, "code": "1191", "name": "South West Kisumu"}}, {"model": "DreamsApp.ward", "pk": 246, "fields": {"sub_county": 71, "code": "1194", "name": "West Kisumu"}}, {"model": "DreamsApp.ward", "pk": 247, "fields": {"sub_county": 72, "code": "1214", "name": "Chemelil"}}, {"model": "DreamsApp.ward", "pk": 248, "fields": {"sub_county": 72, "code": "1213", "name": "Masogo/Nyang'Oma"}}, {"model": "DreamsApp.ward", "pk": 249, "fields": {"sub_county": 72, "code": "1211", "name": "Miwani"}}, {"model": "DreamsApp.ward", "pk": 250, "fields": {"sub_county": 72, "code": "1215", "name": "Muhoroni/Koru"}}, {"model": "DreamsApp.ward", "pk": 251, "fields": {"sub_county": 72, "code": "1212", "name": "Ombeyi"}}, {"model": "DreamsApp.ward", "pk": 252, "fields": {"sub_county": 73, "code": "1218", "name": "Central Nyakach"}}, {"model": "DreamsApp.ward", "pk": 253, "fields": {"sub_county": 73, "code": "1217", "name": "North Nyakach"}}, {"model": "DreamsApp.ward", "pk": 254, "fields": {"sub_county": 73, "code": "1220", "name": "South East Nyakach"}}, {"model": "DreamsApp.ward", "pk": 255, "fields": {"sub_county": 73, "code": "1216", "name": "South West Nyakach"}}, {"model": "DreamsApp.ward", "pk": 256, "fields": {"sub_county": 73, "code": "1219", "name": "West Nyakach"}}, {"model": "DreamsApp.ward", "pk": 257, "fields": {"sub_county": 74, "code": "1208", "name": "Ahero"}}, {"model": "DreamsApp.ward", "pk": 258, "fields": {"sub_county": 74, "code": "1207", "name": "Awasi/Onjikoi"}}, {"model": "DreamsApp.ward", "pk": 259, "fields": {"sub_county": 74, "code": "1206", "name": "East Kano/Wawidhi"}}, {"model": "DreamsApp.ward", "pk": 260, "fields": {"sub_county": 74, "code": "1209", "name": "Kabonyo/Kanyagwal"}}, {"model": "DreamsApp.ward", "pk": 261, "fields": {"sub_county": 74, "code": "1210", "name": "Kobura"}}, {"model": "DreamsApp.ward", "pk": 262, "fields": {"sub_county": 75, "code": "1203", "name": "Central Seme"}}, {"model": "DreamsApp.ward", "pk": 263, "fields": {"sub_county": 75, "code": "1204", "name": "East Seme"}}, {"model": "DreamsApp.ward", "pk": 264, "fields": {"sub_county": 75, "code": "1205", "name": "North Seme"}}, {"model": "DreamsApp.ward", "pk": 265, "fields": {"sub_county": 75, "code": "1202", "name": "West Seme"}}, {"model": "DreamsApp.ward", "pk": 266, "fields": {"sub_county": 45, "code": "1373", "name": "Gatina"}}, {"model": "DreamsApp.ward", "pk": 267, "fields": {"sub_county": 45, "code": "1375", "name": "Kabiro"}}, {"model": "DreamsApp.ward", "pk": 268, "fields": {"sub_county": 45, "code": "1372", "name": "Kawangware"}}, {"model": "DreamsApp.ward", "pk": 269, "fields": {"sub_county": 45, "code": "1374", "name": "Kileleshwa"}}, {"model": "DreamsApp.ward", "pk": 270, "fields": {"sub_county": 45, "code": "1371", "name": "Kilimani"}}, {"model": "DreamsApp.ward", "pk": 271, "fields": {"sub_county": 46, "code": "1376", "name": "Mutuini"}}, {"model": "DreamsApp.ward", "pk": 272, "fields": {"sub_county": 46, "code": "1377", "name": "Ngando"}}, {"model": "DreamsApp.ward", "pk": 273, "fields": {"sub_county": 46, "code": "1378", "name": "Riruta"}}, {"model": "DreamsApp.ward", "pk": 274, "fields": {"sub_county": 46, "code": "1379", "name": "Uthiru/Ruthimitu"}}, {"model": "DreamsApp.ward", "pk": 275, "fields": {"sub_county": 46, "code": "1380", "name": "Waithaka"}}, {"model": "DreamsApp.ward", "pk": 276, "fields": {"sub_county": 47, "code": "1417", "name": "Kayole Central"}}, {"model": "DreamsApp.ward", "pk": 277, "fields": {"sub_county": 47, "code": "1416", "name": "Kayole North"}}, {"model": "DreamsApp.ward", "pk": 278, "fields": {"sub_county": 47, "code": "1418", "name": "Kayole South"}}, {"model": "DreamsApp.ward", "pk": 279, "fields": {"sub_county": 47, "code": "1419", "name": "Komarock"}}, {"model": "DreamsApp.ward", "pk": 280, "fields": {"sub_county": 47, "code": "1420", "name": "Matopeni"}}, {"model": "DreamsApp.ward", "pk": 281, "fields": {"sub_county": 48, "code": "1423", "name": "Embakasi"}}, {"model": "DreamsApp.ward", "pk": 282, "fields": {"sub_county": 48, "code": "1422", "name": "Lower Savannah"}}, {"model": "DreamsApp.ward", "pk": 283, "fields": {"sub_county": 48, "code": "1425", "name": "Mihango"}}, {"model": "DreamsApp.ward", "pk": 284, "fields": {"sub_county": 48, "code": "1421", "name": "Upper Savannah"}}, {"model": "DreamsApp.ward", "pk": 285, "fields": {"sub_county": 48, "code": "1424", "name": "Utawala"}}, {"model": "DreamsApp.ward", "pk": 286, "fields": {"sub_county": 49, "code": "1412", "name": "Dandora Area I"}}, {"model": "DreamsApp.ward", "pk": 287, "fields": {"sub_county": 49, "code": "1413", "name": "Dandora Area Ii"}}, {"model": "DreamsApp.ward", "pk": 288, "fields": {"sub_county": 49, "code": "1414", "name": "Dandora Area Iii"}}, {"model": "DreamsApp.ward", "pk": 289, "fields": {"sub_county": 49, "code": "1415", "name": "Dandora Area Iv"}}, {"model": "DreamsApp.ward", "pk": 290, "fields": {"sub_county": 49, "code": "1411", "name": "Kariobangi North"}}, {"model": "DreamsApp.ward", "pk": 291, "fields": {"sub_county": 50, "code": "1406", "name": "Imara Daima"}}, {"model": "DreamsApp.ward", "pk": 292, "fields": {"sub_county": 50, "code": "1407", "name": "Kwa Njenga"}}, {"model": "DreamsApp.ward", "pk": 293, "fields": {"sub_county": 50, "code": "1408", "name": "Kwa Reuben"}}, {"model": "DreamsApp.ward", "pk": 294, "fields": {"sub_county": 50, "code": "1410", "name": "Kware"}}, {"model": "DreamsApp.ward", "pk": 295, "fields": {"sub_county": 50, "code": "1409", "name": "Pipeline"}}, {"model": "DreamsApp.ward", "pk": 296, "fields": {"sub_county": 51, "code": "1429", "name": "Kariobangi South"}}, {"model": "DreamsApp.ward", "pk": 297, "fields": {"sub_county": 51, "code": "1428", "name": "Mowlem"}}, {"model": "DreamsApp.ward", "pk": 298, "fields": {"sub_county": 51, "code": "1426", "name": "Umoja I"}}, {"model": "DreamsApp.ward", "pk": 299, "fields": {"sub_county": 51, "code": "1427", "name": "Umoja Ii"}}, {"model": "DreamsApp.ward", "pk": 300, "fields": {"sub_county": 52, "code": "1437", "name": "Airbase"}}, {"model": "DreamsApp.ward", "pk": 301, "fields": {"sub_county": 52, "code": "1438", "name": "California"}}, {"model": "DreamsApp.ward", "pk": 302, "fields": {"sub_county": 52, "code": "1435", "name": "Eastleigh North"}}, {"model": "DreamsApp.ward", "pk": 303, "fields": {"sub_county": 52, "code": "1436", "name": "Eastleigh South"}}, {"model": "DreamsApp.ward", "pk": 304, "fields": {"sub_county": 52, "code": "1434", "name": "Pumwani"}}, {"model": "DreamsApp.ward", "pk": 305, "fields": {"sub_county": 53, "code": "1396", "name": "Claycity"}}, {"model": "DreamsApp.ward", "pk": 306, "fields": {"sub_county": 53, "code": "1398", "name": "Kasarani"}}, {"model": "DreamsApp.ward", "pk": 307, "fields": {"sub_county": 53, "code": "1397", "name": "Mwiki"}}, {"model": "DreamsApp.ward", "pk": 308, "fields": {"sub_county": 53, "code": "1399", "name": "Njiru"}}, {"model": "DreamsApp.ward", "pk": 309, "fields": {"sub_county": 53, "code": "1400", "name": "Ruai"}}, {"model": "DreamsApp.ward", "pk": 310, "fields": {"sub_county": 54, "code": "1386", "name": "Laini Saba"}}, {"model": "DreamsApp.ward", "pk": 311, "fields": {"sub_county": 54, "code": "1387", "name": "Lindi"}}, {"model": "DreamsApp.ward", "pk": 312, "fields": {"sub_county": 54, "code": "1388", "name": "Makina"}}, {"model": "DreamsApp.ward", "pk": 313, "fields": {"sub_county": 54, "code": "1390", "name": "Sarangombe"}}, {"model": "DreamsApp.ward", "pk": 314, "fields": {"sub_county": 54, "code": "1389", "name": "Woodley/Kenyatta Golf"}}, {"model": "DreamsApp.ward", "pk": 315, "fields": {"sub_county": 55, "code": "1381", "name": "Karen"}}, {"model": "DreamsApp.ward", "pk": 316, "fields": {"sub_county": 55, "code": "1383", "name": "Mugumo-Ini"}}, {"model": "DreamsApp.ward", "pk": 317, "fields": {"sub_county": 55, "code": "1382", "name": "Nairobi West"}}, {"model": "DreamsApp.ward", "pk": 318, "fields": {"sub_county": 55, "code": "1385", "name": "Nyayo Highrise"}}, {"model": "DreamsApp.ward", "pk": 319, "fields": {"sub_county": 55, "code": "1384", "name": "South-C"}}, {"model": "DreamsApp.ward", "pk": 320, "fields": {"sub_county": 56, "code": "1432", "name": "Harambee"}}, {"model": "DreamsApp.ward", "pk": 321, "fields": {"sub_county": 56, "code": "1433", "name": "Makongeni"}}, {"model": "DreamsApp.ward", "pk": 322, "fields": {"sub_county": 56, "code": "1430", "name": "Maringo/Hamza"}}, {"model": "DreamsApp.ward", "pk": 323, "fields": {"sub_county": 56, "code": "1431", "name": "Viwandani"}}, {"model": "DreamsApp.ward", "pk": 324, "fields": {"sub_county": 57, "code": "1455", "name": "Hospital"}}, {"model": "DreamsApp.ward", "pk": 325, "fields": {"sub_county": 57, "code": "1447", "name": "Huruma"}}, {"model": "DreamsApp.ward", "pk": 326, "fields": {"sub_county": 57, "code": "1450", "name": "Kiamaiko"}}, {"model": "DreamsApp.ward", "pk": 327, "fields": {"sub_county": 57, "code": "1446", "name": "Mabatini"}}, {"model": "DreamsApp.ward", "pk": 328, "fields": {"sub_county": 57, "code": "1449", "name": "Mlango Kubwa"}}, {"model": "DreamsApp.ward", "pk": 329, "fields": {"sub_county": 57, "code": "1448", "name": "Ngei"}}, {"model": "DreamsApp.ward", "pk": 330, "fields": {"sub_county": 76, "code": "1391", "name": "Githurai"}}, {"model": "DreamsApp.ward", "pk": 331, "fields": {"sub_county": 76, "code": "1395", "name": "Kahawa"}}, {"model": "DreamsApp.ward", "pk": 332, "fields": {"sub_county": 76, "code": "1392", "name": "Kahawa West"}}, {"model": "DreamsApp.ward", "pk": 333, "fields": {"sub_county": 76, "code": "1393", "name": "Zimmerman"}}, {"model": "DreamsApp.ward", "pk": 334, "fields": {"sub_county": 58, "code": "1401", "name": "Baba Dogo"}}, {"model": "DreamsApp.ward", "pk": 335, "fields": {"sub_county": 58, "code": "1405", "name": "Korogocho"}}, {"model": "DreamsApp.ward", "pk": 336, "fields": {"sub_county": 58, "code": "1404", "name": "Lucky Summer"}}, {"model": "DreamsApp.ward", "pk": 337, "fields": {"sub_county": 58, "code": "1403", "name": "Mathare North"}}, {"model": "DreamsApp.ward", "pk": 338, "fields": {"sub_county": 58, "code": "1402", "name": "Utalii"}}, {"model": "DreamsApp.ward", "pk": 339, "fields": {"sub_county": 59, "code": "1443", "name": "Landimawe"}}, {"model": "DreamsApp.ward", "pk": 340, "fields": {"sub_county": 59, "code": "1439", "name": "Nairobi Central"}}, {"model": "DreamsApp.ward", "pk": 341, "fields": {"sub_county": 59, "code": "1444", "name": "Nairobi South"}}, {"model": "DreamsApp.ward", "pk": 342, "fields": {"sub_county": 59, "code": "1440", "name": "Ngara"}}, {"model": "DreamsApp.ward", "pk": 343, "fields": {"sub_county": 59, "code": "1442", "name": "Pangani"}}, {"model": "DreamsApp.ward", "pk": 344, "fields": {"sub_county": 59, "code": "1441", "name": "Ziwani/Kariokor"}}, {"model": "DreamsApp.ward", "pk": 345, "fields": {"sub_county": 60, "code": "1369", "name": "Kangemi"}}, {"model": "DreamsApp.ward", "pk": 346, "fields": {"sub_county": 60, "code": "1368", "name": "Karura"}}, {"model": "DreamsApp.ward", "pk": 347, "fields": {"sub_county": 60, "code": "1366", "name": "Kitisuru"}}, {"model": "DreamsApp.ward", "pk": 348, "fields": {"sub_county": 60, "code": "1370", "name": "Mountain View"}}, {"model": "DreamsApp.ward", "pk": 349, "fields": {"sub_county": 60, "code": "1367", "name": "Parklands/Highridge"}}, {"model": "DreamsApp.ward", "pk": 350, "fields": {"sub_county": 39, "code": "1165", "name": "Central Alego"}}, {"model": "DreamsApp.ward", "pk": 351, "fields": {"sub_county": 39, "code": "1167", "name": "North Alego"}}, {"model": "DreamsApp.ward", "pk": 352, "fields": {"sub_county": 39, "code": "1166", "name": "Siaya Township"}}, {"model": "DreamsApp.ward", "pk": 353, "fields": {"sub_county": 39, "code": "1168", "name": "South East Alego"}}, {"model": "DreamsApp.ward", "pk": 354, "fields": {"sub_county": 39, "code": "1163", "name": "Usonga"}}, {"model": "DreamsApp.ward", "pk": 355, "fields": {"sub_county": 39, "code": "1164", "name": "West Alego"}}, {"model": "DreamsApp.ward", "pk": 356, "fields": {"sub_county": 40, "code": "1176", "name": "Central Sakwa"}}, {"model": "DreamsApp.ward", "pk": 357, "fields": {"sub_county": 40, "code": "1180", "name": "North Sakwa"}}, {"model": "DreamsApp.ward", "pk": 358, "fields": {"sub_county": 40, "code": "1177", "name": "South Sakwa"}}, {"model": "DreamsApp.ward", "pk": 359, "fields": {"sub_county": 40, "code": "1179", "name": "West Sakwa"}}, {"model": "DreamsApp.ward", "pk": 360, "fields": {"sub_county": 40, "code": "1175", "name": "West Yimbo"}}, {"model": "DreamsApp.ward", "pk": 361, "fields": {"sub_county": 40, "code": "1178", "name": "Yimbo East"}}, {"model": "DreamsApp.ward", "pk": 362, "fields": {"sub_county": 41, "code": "1171", "name": "Central Gem"}}, {"model": "DreamsApp.ward", "pk": 363, "fields": {"sub_county": 41, "code": "1173", "name": "East Gem"}}, {"model": "DreamsApp.ward", "pk": 364, "fields": {"sub_county": 41, "code": "1169", "name": "North Gem"}}, {"model": "DreamsApp.ward", "pk": 365, "fields": {"sub_county": 41, "code": "1174", "name": "South Gem"}}, {"model": "DreamsApp.ward", "pk": 366, "fields": {"sub_county": 41, "code": "1170", "name": "West Gem"}}, {"model": "DreamsApp.ward", "pk": 367, "fields": {"sub_county": 41, "code": "1172", "name": "Yala Township"}}, {"model": "DreamsApp.ward", "pk": 368, "fields": {"sub_county": 42, "code": "1181", "name": "East Asembo"}}, {"model": "DreamsApp.ward", "pk": 369, "fields": {"sub_county": 42, "code": "1183", "name": "North Uyoma"}}, {"model": "DreamsApp.ward", "pk": 370, "fields": {"sub_county": 42, "code": "1184", "name": "South Uyoma"}}, {"model": "DreamsApp.ward", "pk": 371, "fields": {"sub_county": 42, "code": "1182", "name": "West Asembo"}}, {"model": "DreamsApp.ward", "pk": 372, "fields": {"sub_county": 42, "code": "1185", "name": "West Uyoma"}}, {"model": "DreamsApp.ward", "pk": 373, "fields": {"sub_county": 43, "code": "1159", "name": "East Ugenya"}}, {"model": "DreamsApp.ward", "pk": 374, "fields": {"sub_county": 43, "code": "1158", "name": "North Ugenya"}}, {"model": "DreamsApp.ward", "pk": 375, "fields": {"sub_county": 43, "code": "1157", "name": "Ukwala"}}, {"model": "DreamsApp.ward", "pk": 376, "fields": {"sub_county": 43, "code": "1156", "name": "West Ugenya"}}, {"model": "DreamsApp.ward", "pk": 377, "fields": {"sub_county": 44, "code": "1160", "name": "Sidindi"}}, {"model": "DreamsApp.ward", "pk": 378, "fields": {"sub_county": 44, "code": "1161", "name": "Sigomere"}}, {"model": "DreamsApp.ward", "pk": 379, "fields": {"sub_county": 44, "code": "1162", "name": "Ugunja"}}, {"model": "DreamsApp.ward", "pk": 380, "fields": {"sub_county": 76, "code": "1394", "name": "Roysambu"}}, {"model": "DreamsApp.verificationdocument", "pk": 1, "fields": {"code": 1, "name": "Birth Certificate"}}, {"model": "DreamsApp.verificationdocument", "pk": 2, "fields": {"code": 2, "name": "National ID"}}, {"model": "DreamsApp.verificationdocument", "pk": 3, "fields": {"code": 3, "name": "National ID waiting card"}}, {"model": "DreamsApp.verificationdocument", "pk": 4, "fields": {"code": 4, "name": "Baptismal Card"}}, {"model": "DreamsApp.implementingpartner", "pk": 1, "fields": {"code": 1, "name": "Afya Jijini"}}, {"model": "DreamsApp.implementingpartner", "pk": 2, "fields": {"code": 2, "name": "AIHA"}}, {"model": "DreamsApp.implementingpartner", "pk": 3, "fields": {"code": 3, "name": "Aphiaplus Western"}}, {"model": "DreamsApp.implementingpartner", "pk": 4, "fields": {"code": 4, "name": "Global Communities"}}, {"model": "DreamsApp.implementingpartner", "pk": 5, "fields": {"code": 5, "name": "Henry Jackson Foundation"}}, {"model": "DreamsApp.implementingpartner", "pk": 6, "fields": {"code": 6, "name": "HWWK"}}, {"model": "DreamsApp.implementingpartner", "pk": 7, "fields": {"code": 7, "name": "IMC"}}, {"model": "DreamsApp.implementingpartner", "pk": 8, "fields": {"code": 8, "name": "IRDO"}}, {"model": "DreamsApp.implementingpartner", "pk": 9, "fields": {"code": 9, "name": "LVCT Health"}}, {"model": "DreamsApp.implementingpartner", "pk": 10, "fields": {"code": 10, "name": "Peace Corps"}}, {"model": "DreamsApp.implementingpartneruser", "pk": 1, "fields": {"user": 7, "implementing_partner": 13}}, {"model": "DreamsApp.implementingpartneruser", "pk": 2, "fields": {"user": 8, "implementing_partner": 18}}, {"model": "DreamsApp.implementingpartneruser", "pk": 3, "fields": {"user": 9, "implementing_partner": 21}}, {"model": "DreamsApp.implementingpartneruser", "pk": 4, "fields": {"user": 13, "implementing_partner": 21}}, {"model": "DreamsApp.implementingpartneruser", "pk": 5, "fields": {"user": 15, "implementing_partner": 21}}, {"model": "DreamsApp.implementingpartneruser", "pk": 6, "fields": {"user": 16, "implementing_partner": 21}}, {"model": "DreamsApp.implementingpartneruser", "pk": 7, "fields": {"user": 17, "implementing_partner": 21}}, {"model": "DreamsApp.implementingpartneruser", "pk": 8, "fields": {"user": 18, "implementing_partner": 21}}, {"model": "DreamsApp.implementingpartneruser", "pk": 9, "fields": {"user": 19, "implementing_partner": 21}}, {"model": "DreamsApp.implementingpartneruser", "pk": 10, "fields": {"user": 20, "implementing_partner": 21}}, {"model": "DreamsApp.implementingpartneruser", "pk": 11, "fields": {"user": 21, "implementing_partner": 21}}, {"model": "DreamsApp.implementingpartneruser", "pk": 12, "fields": {"user": 22, "implementing_partner": 21}}, {"model": "DreamsApp.implementingpartneruser", "pk": 13, "fields": {"user": 23, "implementing_partner": 21}}, {"model": "DreamsApp.implementingpartneruser", "pk": 14, "fields": {"user": 24, "implementing_partner": 21}}, {"model": "DreamsApp.implementingpartneruser", "pk": 15, "fields": {"user": 25, "implementing_partner": 21}}, {"model": "DreamsApp.implementingpartneruser", "pk": 16, "fields": {"user": 26, "implementing_partner": 21}}, {"model": "DreamsApp.implementingpartneruser", "pk": 17, "fields": {"user": 27, "implementing_partner": 21}}, {"model": "DreamsApp.implementingpartneruser", "pk": 18, "fields": {"user": 28, "implementing_partner": 21}}, {"model": "DreamsApp.implementingpartneruser", "pk": 19, "fields": {"user": 29, "implementing_partner": 21}}, {"model": "DreamsApp.implementingpartneruser", "pk": 20, "fields": {"user": 30, "implementing_partner": 21}}, {"model": "DreamsApp.implementingpartneruser", "pk": 21, "fields": {"user": 31, "implementing_partner": 13}}, {"model": "DreamsApp.client", "pk": 37, "fields": {"first_name": "Davies", "middle_name": "Vies", "last_name": "Ray", "date_of_birth": "2000-06-01", "is_date_of_birth_estimated": true, "verification_document": 5, "verification_doc_no": "27434593", "date_of_enrollment": "2016-07-13", "age_at_enrollment": 16, "marital_status": 2, "implementing_partner": 13, "phone_number": "0712761810", "dss_id_number": "DDFE33", "county_of_residence": 2, "sub_county": 70, "ward": 238, "informal_settlement": "sds", "village": "did", "landmark": "dads", "dreams_id": "AX-VDFFE-098", "guardian_name": "Davies Ray", "relationship_with_guardian": "Father", "guardian_phone_number": "0712761810", "guardian_national_id": "27434591", "enrolled_by": 7}}, {"model": "DreamsApp.client", "pk": 41, "fields": {"first_name": "John", "middle_name": "Kukevya", "last_name": "Mariko", "date_of_birth": "2006-07-21", "is_date_of_birth_estimated": false, "verification_document": 5, "verification_doc_no": "232434343", "date_of_enrollment": "2016-07-21", "age_at_enrollment": 15, "marital_status": 1, "implementing_partner": 13, "phone_number": "0712761810", "dss_id_number": "DDFE33", "county_of_residence": 1, "sub_county": 45, "ward": 266, "informal_settlement": "dadasda", "village": "asdasda", "landmark": "adsasdas", "dreams_id": "1234", "guardian_name": "Kikongo Maluku", "relationship_with_guardian": "Father", "guardian_phone_number": "0712761810", "guardian_national_id": "27434591", "enrolled_by": 7}}, {"model": "DreamsApp.client", "pk": 42, "fields": {"first_name": "KK", "middle_name": "OTIENO", "last_name": "NIDIGO", "date_of_birth": "2005-07-04", "is_date_of_birth_estimated": false, "verification_document": 5, "verification_doc_no": "213123123", "date_of_enrollment": "2016-07-12", "age_at_enrollment": 15, "marital_status": 1, "implementing_partner": 13, "phone_number": "0712761810", "dss_id_number": "SDFSF", "county_of_residence": 1, "sub_county": 45, "ward": 266, "informal_settlement": "WERWERWER", "village": "REWRWER", "landmark": "RWERWER", "dreams_id": "ASDDSA", "guardian_name": "Fsdfsdfsdf", "relationship_with_guardian": "Father", "guardian_phone_number": "0712761810", "guardian_national_id": "27434591", "enrolled_by": 7}}, {"model": "DreamsApp.interventioncategory", "pk": 1, "fields": {"code": 1001, "name": "BEHAVIORAL"}}, {"model": "DreamsApp.interventioncategory", "pk": 2, "fields": {"code": 2001, "name": "BIO-MEDICAL"}}, {"model": "DreamsApp.interventioncategory", "pk": 3, "fields": {"code": 3001, "name": "POST-GBV CARE"}}, {"model": "DreamsApp.interventioncategory", "pk": 4, "fields": {"code": 4001, "name": "SOCIAL PROTECTION"}}, {"model": "DreamsApp.interventioncategory", "pk": 5, "fields": {"code": 5001, "name": "OTHER INTERVENTIONS"}}, {"model": "DreamsApp.interventiontype", "pk": 1, "fields": {"code": 1002, "name": "SHUGA II", "intervention_category": 1, "has_hts_result": false, "has_pregnancy_result": false, "has_ccc_number": false, "has_no_of_sessions": false}}, {"model": "DreamsApp.interventiontype", "pk": 2, "fields": {"code": 1003, "name": "RESPECT-K", "intervention_category": 1, "has_hts_result": false, "has_pregnancy_result": false, "has_ccc_number": false, "has_no_of_sessions": false}}, {"model": "DreamsApp.interventiontype", "pk": 3, "fields": {"code": 1004, "name": "HCBF", "intervention_category": 1, "has_hts_result": false, "has_pregnancy_result": false, "has_ccc_number": false, "has_no_of_sessions": false}}, {"model": "DreamsApp.interventiontype", "pk": 4, "fields": {"code": 1005, "name": "MHMC", "intervention_category": 1, "has_hts_result": false, "has_pregnancy_result": false, "has_ccc_number": false, "has_no_of_sessions": false}}, {"model": "DreamsApp.interventiontype", "pk": 5, "fields": {"code": 1006, "name": "SISTER TO SISTER-K", "intervention_category": 1, "has_hts_result": false, "has_pregnancy_result": false, "has_ccc_number": false, "has_no_of_sessions": false}}, {"model": "DreamsApp.interventiontype", "pk": 6, "fields": {"code": 1007, "name": "MLRC", "intervention_category": 1, "has_hts_result": false, "has_pregnancy_result": false, "has_ccc_number": false, "has_no_of_sessions": false}}, {"model": "DreamsApp.interventiontype", "pk": 7, "fields": {"code": 1008, "name": "OTHER", "intervention_category": 1, "has_hts_result": false, "has_pregnancy_result": false, "has_ccc_number": false, "has_no_of_sessions": false}}, {"model": "DreamsApp.interventiontype", "pk": 8, "fields": {"code": 2002, "name": "HTS (Client)", "intervention_category": 2, "has_hts_result": true, "has_pregnancy_result": false, "has_ccc_number": false, "has_no_of_sessions": false}}, {"model": "DreamsApp.interventiontype", "pk": 9, "fields": {"code": 2003, "name": "HTS (Partner)", "intervention_category": 2, "has_hts_result": true, "has_pregnancy_result": false, "has_ccc_number": false, "has_no_of_sessions": false}}, {"model": "DreamsApp.interventiontype", "pk": 10, "fields": {"code": 2004, "name": "Linkage to CCC", "intervention_category": 2, "has_hts_result": false, "has_pregnancy_result": false, "has_ccc_number": true, "has_no_of_sessions": false}}, {"model": "DreamsApp.interventiontype", "pk": 11, "fields": {"code": 2005, "name": "Pregnancy Test", "intervention_category": 2, "has_hts_result": false, "has_pregnancy_result": true, "has_ccc_number": false, "has_no_of_sessions": false}}, {"model": "DreamsApp.interventiontype", "pk": 12, "fields": {"code": 2006, "name": "ANC/PMTCT", "intervention_category": 2, "has_hts_result": false, "has_pregnancy_result": false, "has_ccc_number": false, "has_no_of_sessions": false}}, {"model": "DreamsApp.interventiontype", "pk": 13, "fields": {"code": 2007, "name": "STI Screening", "intervention_category": 2, "has_hts_result": false, "has_pregnancy_result": false, "has_ccc_number": false, "has_no_of_sessions": false}}, {"model": "DreamsApp.interventiontype", "pk": 14, "fields": {"code": 2008, "name": "STI Treatment", "intervention_category": 2, "has_hts_result": false, "has_pregnancy_result": false, "has_ccc_number": false, "has_no_of_sessions": false}}, {"model": "DreamsApp.interventiontype", "pk": 15, "fields": {"code": 2009, "name": "STI Linkage", "intervention_category": 2, "has_hts_result": false, "has_pregnancy_result": false, "has_ccc_number": false, "has_no_of_sessions": false}}, {"model": "DreamsApp.interventiontype", "pk": 16, "fields": {"code": 2010, "name": "TB Screening", "intervention_category": 2, "has_hts_result": false, "has_pregnancy_result": false, "has_ccc_number": false, "has_no_of_sessions": false}}, {"model": "DreamsApp.interventiontype", "pk": 17, "fields": {"code": 2011, "name": "Linked for TB Treatment", "intervention_category": 2, "has_hts_result": false, "has_pregnancy_result": false, "has_ccc_number": false, "has_no_of_sessions": false}}, {"model": "DreamsApp.interventiontype", "pk": 18, "fields": {"code": 2012, "name": "Condom Education and Demo", "intervention_category": 2, "has_hts_result": false, "has_pregnancy_result": false, "has_ccc_number": false, "has_no_of_sessions": false}}, {"model": "DreamsApp.interventiontype", "pk": 19, "fields": {"code": 2013, "name": "Condom Provided", "intervention_category": 2, "has_hts_result": false, "has_pregnancy_result": false, "has_ccc_number": false, "has_no_of_sessions": false}}, {"model": "DreamsApp.interventiontype", "pk": 20, "fields": {"code": 2014, "name": "Partner VMMC", "intervention_category": 2, "has_hts_result": false, "has_pregnancy_result": false, "has_ccc_number": false, "has_no_of_sessions": false}}, {"model": "DreamsApp.interventiontype", "pk": 21, "fields": {"code": 2015, "name": "Contraception Method Mix - Education/Info", "intervention_category": 2, "has_hts_result": false, "has_pregnancy_result": false, "has_ccc_number": false, "has_no_of_sessions": false}}, {"model": "DreamsApp.interventiontype", "pk": 22, "fields": {"code": 2016, "name": "Contraception Method Mix - Individual Counselling", "intervention_category": 2, "has_hts_result": false, "has_pregnancy_result": false, "has_ccc_number": false, "has_no_of_sessions": false}}, {"model": "DreamsApp.interventiontype", "pk": 23, "fields": {"code": 2017, "name": "Received Contraception-Pills/Oral", "intervention_category": 2, "has_hts_result": false, "has_pregnancy_result": false, "has_ccc_number": false, "has_no_of_sessions": false}}, {"model": "DreamsApp.interventiontype", "pk": 24, "fields": {"code": 2018, "name": "Received Contraception-Injectable", "intervention_category": 2, "has_hts_result": false, "has_pregnancy_result": false, "has_ccc_number": false, "has_no_of_sessions": false}}, {"model": "DreamsApp.interventiontype", "pk": 25, "fields": {"code": 2019, "name": "Received Contraception-Implant", "intervention_category": 2, "has_hts_result": false, "has_pregnancy_result": false, "has_ccc_number": false, "has_no_of_sessions": false}}, {"model": "DreamsApp.interventiontype", "pk": 26, "fields": {"code": 2020, "name": "Received Contraception-IUD/Coil", "intervention_category": 2, "has_hts_result": false, "has_pregnancy_result": false, "has_ccc_number": false, "has_no_of_sessions": false}}, {"model": "DreamsApp.interventiontype", "pk": 27, "fields": {"code": 2021, "name": "PreEP", "intervention_category": 2, "has_hts_result": false, "has_pregnancy_result": false, "has_ccc_number": false, "has_no_of_sessions": false}}, {"model": "DreamsApp.interventiontype", "pk": 28, "fields": {"code": 3002, "name": "PEP", "intervention_category": 3, "has_hts_result": false, "has_pregnancy_result": false, "has_ccc_number": false, "has_no_of_sessions": false}}, {"model": "DreamsApp.interventiontype", "pk": 29, "fields": {"code": 3003, "name": "PSS", "intervention_category": 3, "has_hts_result": false, "has_pregnancy_result": false, "has_ccc_number": false, "has_no_of_sessions": false}}, {"model": "DreamsApp.interventiontype", "pk": 30, "fields": {"code": 3004, "name": "Rescue/Shelter", "intervention_category": 3, "has_hts_result": false, "has_pregnancy_result": false, "has_ccc_number": false, "has_no_of_sessions": false}}, {"model": "DreamsApp.interventiontype", "pk": 31, "fields": {"code": 3005, "name": "Police", "intervention_category": 3, "has_hts_result": false, "has_pregnancy_result": false, "has_ccc_number": false, "has_no_of_sessions": false}}, {"model": "DreamsApp.interventiontype", "pk": 32, "fields": {"code": 3006, "name": "Trauma Counseling", "intervention_category": 3, "has_hts_result": false, "has_pregnancy_result": false, "has_ccc_number": false, "has_no_of_sessions": false}}, {"model": "DreamsApp.interventiontype", "pk": 33, "fields": {"code": 3007, "name": "Emergency Contraception", "intervention_category": 3, "has_hts_result": false, "has_pregnancy_result": false, "has_ccc_number": false, "has_no_of_sessions": false}}, {"model": "DreamsApp.interventiontype", "pk": 34, "fields": {"code": 3008, "name": "Examination/Treatment of Injuries", "intervention_category": 3, "has_hts_result": false, "has_pregnancy_result": false, "has_ccc_number": false, "has_no_of_sessions": false}}, {"model": "DreamsApp.interventiontype", "pk": 35, "fields": {"code": 4002, "name": "Education Support - School Fees", "intervention_category": 4, "has_hts_result": false, "has_pregnancy_result": false, "has_ccc_number": false, "has_no_of_sessions": false}}, {"model": "DreamsApp.interventiontype", "pk": 36, "fields": {"code": 4003, "name": "Education Support - Stationery", "intervention_category": 4, "has_hts_result": false, "has_pregnancy_result": false, "has_ccc_number": false, "has_no_of_sessions": false}}, {"model": "DreamsApp.interventiontype", "pk": 37, "fields": {"code": 4004, "name": "Education Support - Uniform", "intervention_category": 4, "has_hts_result": false, "has_pregnancy_result": false, "has_ccc_number": false, "has_no_of_sessions": false}}, {"model": "DreamsApp.interventiontype", "pk": 38, "fields": {"code": 4005, "name": "Education Support - Other", "intervention_category": 4, "has_hts_result": false, "has_pregnancy_result": false, "has_ccc_number": false, "has_no_of_sessions": false}}, {"model": "DreamsApp.interventiontype", "pk": 39, "fields": {"code": 4006, "name": "Parent/Caregiver Program - FMP", "intervention_category": 4, "has_hts_result": false, "has_pregnancy_result": false, "has_ccc_number": false, "has_no_of_sessions": false}}, {"model": "DreamsApp.interventiontype", "pk": 40, "fields": {"code": 4007, "name": "Economic Strengthening - Entrepreneur/Financial Training", "intervention_category": 4, "has_hts_result": false, "has_pregnancy_result": false, "has_ccc_number": false, "has_no_of_sessions": false}}, {"model": "DreamsApp.interventiontype", "pk": 41, "fields": {"code": 4008, "name": "Economic Strengthening - Vocational Training", "intervention_category": 4, "has_hts_result": false, "has_pregnancy_result": false, "has_ccc_number": false, "has_no_of_sessions": false}}, {"model": "DreamsApp.interventiontype", "pk": 42, "fields": {"code": 4009, "name": "Economic Strengthening - Microfinance", "intervention_category": 4, "has_hts_result": false, "has_pregnancy_result": false, "has_ccc_number": false, "has_no_of_sessions": false}}, {"model": "DreamsApp.interventiontype", "pk": 43, "fields": {"code": 4010, "name": "Economic Strengthening - Internship/Employment", "intervention_category": 4, "has_hts_result": false, "has_pregnancy_result": false, "has_ccc_number": false, "has_no_of_sessions": false}}, {"model": "DreamsApp.interventiontype", "pk": 44, "fields": {"code": 4011, "name": "Economic Strengthening - Business Start up", "intervention_category": 4, "has_hts_result": false, "has_pregnancy_result": false, "has_ccc_number": false, "has_no_of_sessions": false}}, {"model": "DreamsApp.interventiontype", "pk": 45, "fields": {"code": 5002, "name": "Cash Transfer", "intervention_category": 5, "has_hts_result": false, "has_pregnancy_result": false, "has_ccc_number": false, "has_no_of_sessions": false}}, {"model": "DreamsApp.interventiontype", "pk": 46, "fields": {"code": 5003, "name": "OVC for Children/Siblings/Other", "intervention_category": 5, "has_hts_result": false, "has_pregnancy_result": false, "has_ccc_number": false, "has_no_of_sessions": false}}, {"model": "DreamsApp.interventiontype", "pk": 47, "fields": {"code": 5004, "name": "Nutritional Support", "intervention_category": 5, "has_hts_result": false, "has_pregnancy_result": false, "has_ccc_number": false, "has_no_of_sessions": false}}, {"model": "DreamsApp.interventiontype", "pk": 48, "fields": {"code": 5005, "name": "Drug and Alcohol Addition Counseling", "intervention_category": 5, "has_hts_result": false, "has_pregnancy_result": false, "has_ccc_number": false, "has_no_of_sessions": false}}, {"model": "DreamsApp.interventiontype", "pk": 49, "fields": {"code": 5006, "name": "Social Asset Building - Number of Sessions Attended", "intervention_category": 5, "has_hts_result": false, "has_pregnancy_result": false, "has_ccc_number": false, "has_no_of_sessions": true}}, {"model": "DreamsApp.htsresult", "pk": 1, "fields": {"code": 201, "name": "Negative"}}, {"model": "DreamsApp.htsresult", "pk": 2, "fields": {"code": 202, "name": "Positive"}}, {"model": "DreamsApp.htsresult", "pk": 3, "fields": {"code": 203, "name": "Known Positive"}}, {"model": "DreamsApp.htsresult", "pk": 4, "fields": {"code": 204, "name": "Linked to HTS"}}, {"model": "DreamsApp.pregnancytestresult", "pk": 1, "fields": {"code": 101, "name": "Not Pregnant"}}, {"model": "DreamsApp.pregnancytestresult", "pk": 2, "fields": {"code": 102, "name": "Pregnant"}}, {"model": "DreamsApp.pregnancytestresult", "pk": 3, "fields": {"code": 103, "name": "Confirmed Linkage"}}, {"model": "DreamsApp.intervention", "pk": 27, "fields": {"intervention_date": "2016-07-12", "client": 37, "intervention_type": 3, "hts_result": null, "pregnancy_test_result": null, "client_ccc_number": null, "date_linked_to_ccc": null, "no_of_sessions_attended": null, "comment": "This was completed successfully.", "date_created": "2016-07-14T06:38:25.028", "created_by": 9, "date_changed": null, "changed_by": null, "implementing_partner": 21}}, {"model": "DreamsApp.audit", "pk": 1, "fields": {"timestamp": "2016-05-26T07:41:31.912", "user_id": 7, "table": "DreamsApp_intervention", "row_id": 10, "action": "SAVE", "search_text": null}}, {"model": "DreamsApp.audit", "pk": 2, "fields": {"timestamp": "2016-05-26T07:56:04.996", "user_id": 7, "table": "DreamsApp_intervention", "row_id": 10, "action": "UPDATE", "search_text": null}}, {"model": "DreamsApp.audit", "pk": 3, "fields": {"timestamp": "2016-05-26T08:15:05.208", "user_id": 7, "table": "DreamsApp_intervention", "row_id": 10, "action": "DELETE", "search_text": null}}, {"model": "DreamsApp.audit", "pk": 4, "fields": {"timestamp": "2016-05-26T08:27:38.630", "user_id": 7, "table": "DreamsApp_client", "row_id": 12, "action": "UPDATE", "search_text": null}}, {"model": "DreamsApp.audit", "pk": 5, "fields": {"timestamp": "2016-05-26T08:38:40.903", "user_id": 7, "table": "DreamsApp_client", "row_id": 12, "action": "DELETE", "search_text": null}}, {"model": "DreamsApp.audit", "pk": 6, "fields": {"timestamp": "2016-05-26T08:39:17.562", "user_id": 7, "table": "DreamsApp_client", "row_id": 13, "action": "UPDATE", "search_text": null}}, {"model": "DreamsApp.audit", "pk": 7, "fields": {"timestamp": "2016-05-26T08:39:38.211", "user_id": 7, "table": "DreamsApp_client", "row_id": null, "action": "SEARCH", "search_text": "Johns"}}, {"model": "DreamsApp.audit", "pk": 8, "fields": {"timestamp": "2016-05-26T08:58:27.704", "user_id": 7, "table": "DreamsApp_intervention", "row_id": null, "action": "INSERT", "search_text": null}}, {"model": "DreamsApp.audit", "pk": 9, "fields": {"timestamp": "2016-05-26T08:59:59.916", "user_id": 7, "table": "DreamsApp_intervention", "row_id": 11, "action": "INSERT", "search_text": null}}, {"model": "DreamsApp.audit", "pk": 10, "fields": {"timestamp": "2016-05-27T05:58:05.040", "user_id": 7, "table": "DreamsApp_client", "row_id": null, "action": "SEARCH", "search_text": "Johns"}}, {"model": "DreamsApp.audit", "pk": 11, "fields": {"timestamp": "2016-05-27T06:34:56.080", "user_id": 7, "table": "DreamsApp_client", "row_id": null, "action": "SEARCH", "search_text": "Johns"}}, {"model": "DreamsApp.audit", "pk": 12, "fields": {"timestamp": "2016-05-27T06:34:58.446", "user_id": 7, "table": "DreamsApp_client", "row_id": null, "action": "SEARCH", "search_text": "Johns"}}, {"model": "DreamsApp.audit", "pk": 13, "fields": {"timestamp": "2016-05-27T06:35:04.477", "user_id": 7, "table": "DreamsApp_client", "row_id": null, "action": "SEARCH", "search_text": ""}}, {"model": "DreamsApp.audit", "pk": 14, "fields": {"timestamp": "2016-05-30T07:20:22.020", "user_id": 7, "table": "DreamsApp_client", "row_id": null, "action": "SEARCH", "search_text": "Johns"}}, {"model": "DreamsApp.audit", "pk": 15, "fields": {"timestamp": "2016-05-30T07:20:27.973", "user_id": 7, "table": "DreamsApp_client", "row_id": null, "action": "SEARCH", "search_text": ""}}, {"model": "DreamsApp.audit", "pk": 16, "fields": {"timestamp": "2016-05-31T07:21:55.656", "user_id": 7, "table": "DreamsApp_intervention", "row_id": 12, "action": "INSERT", "search_text": null}}, {"model": "DreamsApp.audit", "pk": 17, "fields": {"timestamp": "2016-05-31T07:52:26.928", "user_id": 7, "table": "DreamsApp_intervention", "row_id": 12, "action": "UPDATE", "search_text": null}}, {"model": "DreamsApp.audit", "pk": 18, "fields": {"timestamp": "2016-06-03T07:45:23.495", "user_id": 7, "table": "DreamsApp_intervention", "row_id": 13, "action": "INSERT", "search_text": null}}, {"model": "DreamsApp.audit", "pk": 19, "fields": {"timestamp": "2016-06-03T07:45:35.370", "user_id": 7, "table": "DreamsApp_intervention", "row_id": 14, "action": "INSERT", "search_text": null}}, {"model": "DreamsApp.audit", "pk": 20, "fields": {"timestamp": "2016-06-03T07:45:45.095", "user_id": 7, "table": "DreamsApp_intervention", "row_id": 15, "action": "INSERT", "search_text": null}}, {"model": "DreamsApp.audit", "pk": 21, "fields": {"timestamp": "2016-06-03T09:39:58.658", "user_id": 7, "table": "DreamsApp_client", "row_id": null, "action": "SEARCH", "search_text": "wairimu"}}, {"model": "DreamsApp.audit", "pk": 22, "fields": {"timestamp": "2016-06-03T09:39:58.827", "user_id": 7, "table": "DreamsApp_client", "row_id": null, "action": "SEARCH", "search_text": "wairimu"}}, {"model": "DreamsApp.audit", "pk": 23, "fields": {"timestamp": "2016-06-08T06:52:13.229", "user_id": 7, "table": "DreamsApp_client", "row_id": 20, "action": "DELETE", "search_text": null}}, {"model": "DreamsApp.audit", "pk": 24, "fields": {"timestamp": "2016-06-08T07:21:53.201", "user_id": 7, "table": "DreamsApp_client", "row_id": 25, "action": "INSERT", "search_text": null}}, {"model": "DreamsApp.audit", "pk": 25, "fields": {"timestamp": "2016-06-08T07:25:49.483", "user_id": 7, "table": "DreamsApp_client", "row_id": 24, "action": "DELETE", "search_text": null}}, {"model": "DreamsApp.audit", "pk": 26, "fields": {"timestamp": "2016-06-08T07:25:52.547", "user_id": 7, "table": "DreamsApp_client", "row_id": 23, "action": "DELETE", "search_text": null}}, {"model": "DreamsApp.audit", "pk": 27, "fields": {"timestamp": "2016-06-08T07:25:55.889", "user_id": 7, "table": "DreamsApp_client", "row_id": 22, "action": "DELETE", "search_text": null}}, {"model": "DreamsApp.audit", "pk": 28, "fields": {"timestamp": "2016-06-08T07:25:59.165", "user_id": 7, "table": "DreamsApp_client", "row_id": 21, "action": "DELETE", "search_text": null}}, {"model": "DreamsApp.audit", "pk": 29, "fields": {"timestamp": "2016-06-08T07:26:00.902", "user_id": 7, "table": "DreamsApp_client", "row_id": 19, "action": "DELETE", "search_text": null}}, {"model": "DreamsApp.audit", "pk": 30, "fields": {"timestamp": "2016-06-08T07:26:03.607", "user_id": 7, "table": "DreamsApp_client", "row_id": 18, "action": "DELETE", "search_text": null}}, {"model": "DreamsApp.audit", "pk": 31, "fields": {"timestamp": "2016-06-08T07:26:09.302", "user_id": 7, "table": "DreamsApp_client", "row_id": 17, "action": "DELETE", "search_text": null}}, {"model": "DreamsApp.audit", "pk": 32, "fields": {"timestamp": "2016-06-08T07:35:01.275", "user_id": 7, "table": "DreamsApp_client", "row_id": 16, "action": "UPDATE", "search_text": null}}, {"model": "DreamsApp.audit", "pk": 33, "fields": {"timestamp": "2016-06-08T07:54:31.492", "user_id": 7, "table": "DreamsApp_client", "row_id": 0, "action": "LOGIN", "search_text": "Login Successful"}}, {"model": "DreamsApp.audit", "pk": 34, "fields": {"timestamp": "2016-06-08T10:12:27.286", "user_id": 7, "table": "DreamsApp_client", "row_id": 0, "action": "LOGIN", "search_text": "Login Successful for username: daviesray"}}, {"model": "DreamsApp.audit", "pk": 35, "fields": {"timestamp": "2016-06-09T09:34:07.332", "user_id": 7, "table": "DreamsApp_client", "row_id": 0, "action": "LOGIN", "search_text": "Login Successful for username: daviesray"}}, {"model": "DreamsApp.audit", "pk": 36, "fields": {"timestamp": "2016-06-09T09:35:14.387", "user_id": 7, "table": "DreamsApp_client", "row_id": 0, "action": "LOGIN", "search_text": "Login Successful for username: daviesray"}}, {"model": "DreamsApp.audit", "pk": 37, "fields": {"timestamp": "2016-06-09T10:15:47.374", "user_id": 7, "table": "DreamsApp_client", "row_id": 0, "action": "LOGIN", "search_text": "Login Successful for username: daviesray"}}, {"model": "DreamsApp.audit", "pk": 38, "fields": {"timestamp": "2016-06-09T10:20:36.599", "user_id": 0, "table": "DreamsApp_client", "row_id": 0, "action": "LOGIN", "search_text": "Missing login Credentials"}}, {"model": "DreamsApp.audit", "pk": 39, "fields": {"timestamp": "2016-06-09T10:20:39.596", "user_id": 7, "table": "DreamsApp_client", "row_id": 0, "action": "LOGIN", "search_text": "Login Successful for username: daviesray"}}, {"model": "DreamsApp.audit", "pk": 40, "fields": {"timestamp": "2016-06-09T11:43:44.409", "user_id": 7, "table": "DreamsApp_client", "row_id": 0, "action": "LOGIN", "search_text": "Login Successful for username: daviesray"}}, {"model": "DreamsApp.audit", "pk": 41, "fields": {"timestamp": "2016-06-09T12:08:10.578", "user_id": 7, "table": "DreamsApp_client", "row_id": 0, "action": "LOGIN", "search_text": "Login Successful for username: daviesray"}}, {"model": "DreamsApp.audit", "pk": 42, "fields": {"timestamp": "2016-06-09T12:58:14.594", "user_id": 7, "table": "DreamsApp_client", "row_id": 0, "action": "LOGIN", "search_text": "Login Successful for username: daviesray"}}, {"model": "DreamsApp.audit", "pk": 43, "fields": {"timestamp": "2016-06-09T13:03:36.173", "user_id": 7, "table": "DreamsApp_client", "row_id": 0, "action": "LOGIN", "search_text": "Login Successful for username: daviesray"}}, {"model": "DreamsApp.audit", "pk": 44, "fields": {"timestamp": "2016-06-09T13:11:01.299", "user_id": 7, "table": "DreamsApp_client", "row_id": 0, "action": "LOGIN", "search_text": "Login Successful for username: daviesray"}}, {"model": "DreamsApp.audit", "pk": 45, "fields": {"timestamp": "2016-06-09T13:18:45.349", "user_id": 7, "table": "DreamsApp_client", "row_id": 0, "action": "LOGIN", "search_text": "Login Successful for username: daviesray"}}, {"model": "DreamsApp.audit", "pk": 46, "fields": {"timestamp": "2016-06-13T02:08:29.243", "user_id": 7, "table": "DreamsApp_client", "row_id": 0, "action": "LOGIN", "search_text": "Login Successful for username: daviesray"}}, {"model": "DreamsApp.audit", "pk": 47, "fields": {"timestamp": "2016-06-13T05:55:57.117", "user_id": 7, "table": "DreamsApp_client", "row_id": 0, "action": "LOGIN", "search_text": "Login Successful for username: daviesray"}}, {"model": "DreamsApp.audit", "pk": 48, "fields": {"timestamp": "2016-06-15T04:34:38.443", "user_id": 7, "table": "DreamsApp_client", "row_id": 0, "action": "LOGIN", "search_text": "Login Successful for username: daviesray"}}, {"model": "DreamsApp.audit", "pk": 49, "fields": {"timestamp": "2016-06-16T05:37:23.877", "user_id": 7, "table": "DreamsApp_client", "row_id": 0, "action": "LOGIN", "search_text": "Login Successful for username: daviesray"}}, {"model": "DreamsApp.audit", "pk": 50, "fields": {"timestamp": "2016-06-16T05:42:45.766", "user_id": 7, "table": "DreamsApp_client", "row_id": 0, "action": "LOGIN", "search_text": "Login Successful for username: daviesray"}}, {"model": "DreamsApp.audit", "pk": 51, "fields": {"timestamp": "2016-06-17T05:39:01.770", "user_id": 7, "table": "DreamsApp_client", "row_id": 0, "action": "LOGIN", "search_text": "Login Successful for username: daviesray"}}, {"model": "DreamsApp.audit", "pk": 52, "fields": {"timestamp": "2016-06-17T06:05:33.773", "user_id": 7, "table": "DreamsApp_client", "row_id": 0, "action": "LOGIN", "search_text": "Login Successful for username: daviesray"}}, {"model": "DreamsApp.audit", "pk": 53, "fields": {"timestamp": "2016-06-17T06:05:50.166", "user_id": 7, "table": "DreamsApp_client", "row_id": 0, "action": "LOGIN", "search_text": "Login Successful for username: daviesray"}}, {"model": "DreamsApp.audit", "pk": 54, "fields": {"timestamp": "2016-06-17T06:49:04.064", "user_id": 7, "table": "DreamsApp_client", "row_id": 0, "action": "LOGIN", "search_text": "Login Successful for username: daviesray"}}, {"model": "DreamsApp.audit", "pk": 55, "fields": {"timestamp": "2016-06-17T07:23:36.213", "user_id": 7, "table": "DreamsApp_client", "row_id": 0, "action": "LOGIN", "search_text": "Login Successful for username: daviesray"}}, {"model": "DreamsApp.audit", "pk": 56, "fields": {"timestamp": "2016-06-20T05:31:06.893", "user_id": 7, "table": "DreamsApp_client", "row_id": 0, "action": "LOGIN", "search_text": "Login Successful for username: daviesray"}}, {"model": "DreamsApp.audit", "pk": 57, "fields": {"timestamp": "2016-06-20T09:51:37.739", "user_id": 7, "table": "DreamsApp_client", "row_id": 0, "action": "LOGIN", "search_text": "Login Successful for username: daviesray"}}, {"model": "DreamsApp.audit", "pk": 58, "fields": {"timestamp": "2016-06-20T09:59:09.148", "user_id": 7, "table": "DreamsApp_intervention", "row_id": 16, "action": "INSERT", "search_text": null}}, {"model": "DreamsApp.audit", "pk": 59, "fields": {"timestamp": "2016-06-20T12:39:58.532", "user_id": 7, "table": "DreamsApp_client", "row_id": 0, "action": "LOGIN", "search_text": "Login Successful for username: daviesray"}}, {"model": "DreamsApp.audit", "pk": 60, "fields": {"timestamp": "2016-06-21T04:49:51.594", "user_id": 7, "table": "DreamsApp_client", "row_id": 0, "action": "LOGIN", "search_text": "Login Successful for username: daviesray"}}, {"model": "DreamsApp.audit", "pk": 61, "fields": {"timestamp": "2016-06-21T05:11:48.200", "user_id": 7, "table": "DreamsApp_client", "row_id": 15, "action": "DELETE", "search_text": null}}, {"model": "DreamsApp.audit", "pk": 62, "fields": {"timestamp": "2016-06-21T05:15:02.211", "user_id": 7, "table": "DreamsApp_client", "row_id": 13, "action": "DELETE", "search_text": null}}, {"model": "DreamsApp.audit", "pk": 63, "fields": {"timestamp": "2016-06-21T05:16:25.497", "user_id": 7, "table": "DreamsApp_client", "row_id": 16, "action": "DELETE", "search_text": null}}, {"model": "DreamsApp.audit", "pk": 64, "fields": {"timestamp": "2016-06-21T05:21:02.125", "user_id": 7, "table": "DreamsApp_client", "row_id": 25, "action": "DELETE", "search_text": null}}, {"model": "DreamsApp.audit", "pk": 65, "fields": {"timestamp": "2016-06-21T05:23:57.382", "user_id": 7, "table": "DreamsApp_client", "row_id": 26, "action": "INSERT", "search_text": null}}, {"model": "DreamsApp.audit", "pk": 66, "fields": {"timestamp": "2016-06-21T05:31:18.597", "user_id": 7, "table": "DreamsApp_client", "row_id": 26, "action": "DELETE", "search_text": null}}, {"model": "DreamsApp.audit", "pk": 67, "fields": {"timestamp": "2016-06-21T05:35:56.762", "user_id": 7, "table": "DreamsApp_client", "row_id": 27, "action": "INSERT", "search_text": null}}, {"model": "DreamsApp.audit", "pk": 68, "fields": {"timestamp": "2016-06-21T05:36:12.451", "user_id": 7, "table": "DreamsApp_client", "row_id": 0, "action": "LOGIN", "search_text": "Login Successful for username: daviesray"}}, {"model": "DreamsApp.audit", "pk": 69, "fields": {"timestamp": "2016-06-21T05:47:47.112", "user_id": 7, "table": "DreamsApp_intervention", "row_id": 17, "action": "INSERT", "search_text": null}}, {"model": "DreamsApp.audit", "pk": 70, "fields": {"timestamp": "2016-06-21T05:56:38.435", "user_id": 7, "table": "DreamsApp_client", "row_id": 27, "action": "DELETE", "search_text": null}}, {"model": "DreamsApp.audit", "pk": 71, "fields": {"timestamp": "2016-06-21T06:02:00.827", "user_id": 7, "table": "DreamsApp_client", "row_id": 28, "action": "INSERT", "search_text": null}}, {"model": "DreamsApp.audit", "pk": 72, "fields": {"timestamp": "2016-06-21T06:04:58.617", "user_id": 7, "table": "DreamsApp_client", "row_id": 28, "action": "DELETE", "search_text": null}}, {"model": "DreamsApp.audit", "pk": 73, "fields": {"timestamp": "2016-06-21T06:05:27.582", "user_id": 7, "table": "DreamsApp_client", "row_id": 29, "action": "INSERT", "search_text": null}}, {"model": "DreamsApp.audit", "pk": 74, "fields": {"timestamp": "2016-06-21T06:10:38.733", "user_id": 7, "table": "DreamsApp_client", "row_id": 29, "action": "DELETE", "search_text": null}}, {"model": "DreamsApp.audit", "pk": 75, "fields": {"timestamp": "2016-06-21T06:11:08.890", "user_id": 7, "table": "DreamsApp_client", "row_id": 30, "action": "INSERT", "search_text": null}}, {"model": "DreamsApp.audit", "pk": 76, "fields": {"timestamp": "2016-06-21T06:14:21.528", "user_id": 7, "table": "DreamsApp_client", "row_id": 30, "action": "DELETE", "search_text": null}}, {"model": "DreamsApp.audit", "pk": 77, "fields": {"timestamp": "2016-06-21T06:14:46.430", "user_id": 7, "table": "DreamsApp_client", "row_id": 31, "action": "INSERT", "search_text": null}}, {"model": "DreamsApp.audit", "pk": 78, "fields": {"timestamp": "2016-06-21T06:14:59.615", "user_id": 7, "table": "DreamsApp_client", "row_id": 31, "action": "DELETE", "search_text": null}}, {"model": "DreamsApp.audit", "pk": 79, "fields": {"timestamp": "2016-06-21T06:15:37.035", "user_id": 7, "table": "DreamsApp_client", "row_id": 32, "action": "INSERT", "search_text": null}}, {"model": "DreamsApp.audit", "pk": 80, "fields": {"timestamp": "2016-06-21T06:15:43.599", "user_id": 7, "table": "DreamsApp_client", "row_id": 32, "action": "DELETE", "search_text": null}}, {"model": "DreamsApp.audit", "pk": 81, "fields": {"timestamp": "2016-06-21T06:18:07.135", "user_id": 7, "table": "DreamsApp_client", "row_id": 33, "action": "INSERT", "search_text": null}}, {"model": "DreamsApp.audit", "pk": 82, "fields": {"timestamp": "2016-06-21T06:18:14.223", "user_id": 7, "table": "DreamsApp_client", "row_id": 33, "action": "DELETE", "search_text": null}}, {"model": "DreamsApp.audit", "pk": 83, "fields": {"timestamp": "2016-06-21T06:19:06.871", "user_id": 7, "table": "DreamsApp_client", "row_id": 34, "action": "INSERT", "search_text": null}}, {"model": "DreamsApp.audit", "pk": 84, "fields": {"timestamp": "2016-06-21T06:19:14.423", "user_id": 7, "table": "DreamsApp_client", "row_id": 34, "action": "DELETE", "search_text": null}}, {"model": "DreamsApp.audit", "pk": 85, "fields": {"timestamp": "2016-06-21T06:20:16.677", "user_id": 7, "table": "DreamsApp_client", "row_id": 35, "action": "INSERT", "search_text": null}}, {"model": "DreamsApp.audit", "pk": 86, "fields": {"timestamp": "2016-06-21T06:20:22.277", "user_id": 7, "table": "DreamsApp_client", "row_id": 35, "action": "DELETE", "search_text": null}}, {"model": "DreamsApp.audit", "pk": 87, "fields": {"timestamp": "2016-06-21T06:20:57.955", "user_id": 7, "table": "DreamsApp_client", "row_id": 36, "action": "INSERT", "search_text": null}}, {"model": "DreamsApp.audit", "pk": 88, "fields": {"timestamp": "2016-06-21T06:21:09.407", "user_id": 7, "table": "DreamsApp_intervention", "row_id": 18, "action": "INSERT", "search_text": null}}, {"model": "DreamsApp.audit", "pk": 89, "fields": {"timestamp": "2016-06-21T06:21:12.669", "user_id": 7, "table": "DreamsApp_intervention", "row_id": 18, "action": "DELETE", "search_text": null}}, {"model": "DreamsApp.audit", "pk": 90, "fields": {"timestamp": "2016-06-21T06:39:29.839", "user_id": 7, "table": "DreamsApp_client", "row_id": 0, "action": "LOGIN", "search_text": "Login Successful for username: daviesray"}}, {"model": "DreamsApp.audit", "pk": 91, "fields": {"timestamp": "2016-06-21T06:41:30.499", "user_id": 7, "table": "DreamsApp_client", "row_id": 0, "action": "LOGIN", "search_text": "Login Successful for username: daviesray"}}, {"model": "DreamsApp.audit", "pk": 92, "fields": {"timestamp": "2016-06-21T06:41:59.226", "user_id": 7, "table": "DreamsApp_client", "row_id": 0, "action": "LOGIN", "search_text": "Login Successful for username: daviesray"}}, {"model": "DreamsApp.audit", "pk": 93, "fields": {"timestamp": "2016-06-21T06:42:22.397", "user_id": 7, "table": "DreamsApp_intervention", "row_id": 19, "action": "INSERT", "search_text": null}}, {"model": "DreamsApp.audit", "pk": 94, "fields": {"timestamp": "2016-06-21T06:45:32.843", "user_id": 7, "table": "DreamsApp_client", "row_id": 0, "action": "LOGIN", "search_text": "Login Successful for username: daviesray"}}, {"model": "DreamsApp.audit", "pk": 95, "fields": {"timestamp": "2016-06-21T06:46:27.094", "user_id": 7, "table": "DreamsApp_client", "row_id": 37, "action": "INSERT", "search_text": null}}, {"model": "DreamsApp.audit", "pk": 96, "fields": {"timestamp": "2016-06-21T06:47:59.646", "user_id": 7, "table": "DreamsApp_intervention", "row_id": 20, "action": "INSERT", "search_text": null}}, {"model": "DreamsApp.audit", "pk": 97, "fields": {"timestamp": "2016-06-21T06:48:16.229", "user_id": 7, "table": "DreamsApp_intervention", "row_id": 21, "action": "INSERT", "search_text": null}}, {"model": "DreamsApp.audit", "pk": 98, "fields": {"timestamp": "2016-06-21T06:54:26.855", "user_id": 7, "table": "DreamsApp_client", "row_id": 0, "action": "LOGIN", "search_text": "Login Successful for username: daviesray"}}, {"model": "DreamsApp.audit", "pk": 99, "fields": {"timestamp": "2016-06-21T06:55:06.098", "user_id": 7, "table": "DreamsApp_client", "row_id": 0, "action": "LOGIN", "search_text": "Login Successful for username: daviesray"}}, {"model": "DreamsApp.audit", "pk": 100, "fields": {"timestamp": "2016-06-21T06:55:11.410", "user_id": 7, "table": "DreamsApp_intervention", "row_id": 19, "action": "DELETE", "search_text": null}}, {"model": "DreamsApp.audit", "pk": 101, "fields": {"timestamp": "2016-06-21T06:55:17.106", "user_id": 7, "table": "DreamsApp_client", "row_id": 36, "action": "DELETE", "search_text": null}}, {"model": "DreamsApp.audit", "pk": 102, "fields": {"timestamp": "2016-06-21T07:03:36.450", "user_id": 7, "table": "DreamsApp_client", "row_id": 37, "action": "DELETE", "search_text": "FAILED"}}, {"model": "DreamsApp.audit", "pk": 103, "fields": {"timestamp": "2016-06-21T07:18:03.088", "user_id": 7, "table": "DreamsApp_client", "row_id": 37, "action": "DELETE", "search_text": "FAILED"}}, {"model": "DreamsApp.audit", "pk": 104, "fields": {"timestamp": "2016-06-21T07:53:26.128", "user_id": 7, "table": "DreamsApp_client", "row_id": 0, "action": "LOGIN", "search_text": "Login Successful for username: daviesray"}}, {"model": "DreamsApp.audit", "pk": 105, "fields": {"timestamp": "2016-06-21T07:59:05.057", "user_id": 7, "table": "DreamsApp_client", "row_id": 0, "action": "LOGIN", "search_text": "Login Successful for username: daviesray"}}, {"model": "DreamsApp.audit", "pk": 106, "fields": {"timestamp": "2016-06-21T08:00:16.643", "user_id": 7, "table": "DreamsApp_client", "row_id": 0, "action": "LOGIN", "search_text": "Login Successful for username: daviesray"}}, {"model": "DreamsApp.audit", "pk": 107, "fields": {"timestamp": "2016-06-21T08:00:50.642", "user_id": 7, "table": "DreamsApp_client", "row_id": 0, "action": "LOGIN", "search_text": "Login Successful for username: daviesray"}}, {"model": "DreamsApp.audit", "pk": 108, "fields": {"timestamp": "2016-06-21T08:02:02.846", "user_id": 7, "table": "DreamsApp_client", "row_id": 0, "action": "LOGIN", "search_text": "Login Successful for username: daviesray"}}, {"model": "DreamsApp.audit", "pk": 109, "fields": {"timestamp": "2016-06-21T08:02:37.807", "user_id": 7, "table": "DreamsApp_client", "row_id": 0, "action": "LOGIN", "search_text": "Login Successful for username: daviesray"}}, {"model": "DreamsApp.audit", "pk": 110, "fields": {"timestamp": "2016-06-21T08:03:09.822", "user_id": 7, "table": "DreamsApp_client", "row_id": 0, "action": "LOGIN", "search_text": "Login Successful for username: daviesray"}}, {"model": "DreamsApp.audit", "pk": 111, "fields": {"timestamp": "2016-06-21T08:05:59.605", "user_id": 7, "table": "DreamsApp_client", "row_id": 0, "action": "LOGIN", "search_text": "Login Successful for username: daviesray"}}, {"model": "DreamsApp.audit", "pk": 112, "fields": {"timestamp": "2016-06-21T08:13:34.405", "user_id": 0, "table": "DreamsApp_client", "row_id": 0, "action": "LOGIN", "search_text": "Missing login Credentials"}}, {"model": "DreamsApp.audit", "pk": 113, "fields": {"timestamp": "2016-06-21T08:13:37.861", "user_id": 7, "table": "DreamsApp_client", "row_id": 0, "action": "LOGIN", "search_text": "Login Successful for username: daviesray"}}, {"model": "DreamsApp.audit", "pk": 114, "fields": {"timestamp": "2016-06-21T08:14:24.809", "user_id": 0, "table": "DreamsApp_client", "row_id": 0, "action": "LOGIN", "search_text": "Missing login Credentials"}}, {"model": "DreamsApp.audit", "pk": 115, "fields": {"timestamp": "2016-06-21T08:15:30.119", "user_id": 7, "table": "DreamsApp_client", "row_id": 0, "action": "LOGIN", "search_text": "Login Successful for username: daviesray"}}, {"model": "DreamsApp.audit", "pk": 116, "fields": {"timestamp": "2016-06-21T08:15:34.100", "user_id": 0, "table": "DreamsApp_client", "row_id": 0, "action": "LOGIN", "search_text": "Missing login Credentials"}}, {"model": "DreamsApp.audit", "pk": 117, "fields": {"timestamp": "2016-06-21T08:16:30.570", "user_id": 0, "table": "DreamsApp_client", "row_id": 0, "action": "LOGIN", "search_text": "Missing login Credentials"}}, {"model": "DreamsApp.audit", "pk": 118, "fields": {"timestamp": "2016-06-21T08:18:49.557", "user_id": 7, "table": "DreamsApp_client", "row_id": 0, "action": "LOGIN", "search_text": "Login Successful for username: daviesray"}}, {"model": "DreamsApp.audit", "pk": 119, "fields": {"timestamp": "2016-06-21T08:19:14.818", "user_id": 7, "table": "DreamsApp_intervention", "row_id": 22, "action": "INSERT", "search_text": null}}, {"model": "DreamsApp.audit", "pk": 120, "fields": {"timestamp": "2016-06-21T08:19:30.265", "user_id": 7, "table": "DreamsApp_client", "row_id": 37, "action": "DELETE", "search_text": "FAILED"}}, {"model": "DreamsApp.audit", "pk": 121, "fields": {"timestamp": "2016-06-21T14:41:16.874", "user_id": 7, "table": "DreamsApp_client", "row_id": 0, "action": "LOGIN", "search_text": "Login Successful for username: daviesray"}}, {"model": "DreamsApp.audit", "pk": 122, "fields": {"timestamp": "2016-06-21T14:41:33.052", "user_id": 7, "table": "DreamsApp_client", "row_id": 37, "action": "DELETE", "search_text": "FAILED"}}, {"model": "DreamsApp.audit", "pk": 123, "fields": {"timestamp": "2016-06-21T14:41:45.696", "user_id": 0, "table": "DreamsApp_client", "row_id": 0, "action": "LOGIN", "search_text": "Missing login Credentials"}}, {"model": "DreamsApp.audit", "pk": 124, "fields": {"timestamp": "2016-06-22T11:25:00.574", "user_id": 7, "table": "DreamsApp_client", "row_id": 0, "action": "LOGIN", "search_text": "Login Successful for username: daviesray"}}, {"model": "DreamsApp.audit", "pk": 125, "fields": {"timestamp": "2016-06-22T11:25:17.790", "user_id": 7, "table": "DreamsApp_client", "row_id": 0, "action": "LOGIN", "search_text": "Login Successful for username: daviesray"}}, {"model": "DreamsApp.audit", "pk": 126, "fields": {"timestamp": "2016-06-22T13:10:32.571", "user_id": 7, "table": "DreamsApp_client", "row_id": 0, "action": "LOGIN", "search_text": "Login Successful for username: daviesray"}}, {"model": "DreamsApp.audit", "pk": 127, "fields": {"timestamp": "2016-06-22T13:34:55.797", "user_id": 7, "table": "DreamsApp_client", "row_id": 0, "action": "LOGIN", "search_text": "Login Successful for username: daviesray"}}, {"model": "DreamsApp.audit", "pk": 128, "fields": {"timestamp": "2016-06-22T13:41:48.702", "user_id": 0, "table": "DreamsApp_client", "row_id": 0, "action": "LOGIN", "search_text": "Missing login Credentials"}}, {"model": "DreamsApp.audit", "pk": 129, "fields": {"timestamp": "2016-06-23T06:24:16.599", "user_id": 7, "table": "DreamsApp_client", "row_id": 0, "action": "LOGIN", "search_text": "Login Successful for username: daviesray"}}, {"model": "DreamsApp.audit", "pk": 130, "fields": {"timestamp": "2016-06-23T07:32:21.738", "user_id": 7, "table": "DreamsApp_client", "row_id": 0, "action": "LOGIN", "search_text": "Login Successful for username: daviesray"}}, {"model": "DreamsApp.audit", "pk": 131, "fields": {"timestamp": "2016-06-23T07:50:05.362", "user_id": 7, "table": "DreamsApp_client", "row_id": 0, "action": "LOGIN", "search_text": "Login Successful for username: daviesray"}}, {"model": "DreamsApp.audit", "pk": 132, "fields": {"timestamp": "2016-06-23T07:58:39.811", "user_id": 7, "table": "DreamsApp_client", "row_id": 0, "action": "LOGIN", "search_text": "Login Successful for username: daviesray"}}, {"model": "DreamsApp.audit", "pk": 133, "fields": {"timestamp": "2016-06-23T08:53:43.771", "user_id": 0, "table": "DreamsApp_client", "row_id": 0, "action": "LOGIN", "search_text": "Missing login Credentials"}}, {"model": "DreamsApp.audit", "pk": 134, "fields": {"timestamp": "2016-06-23T08:53:46.829", "user_id": 7, "table": "DreamsApp_client", "row_id": 0, "action": "LOGIN", "search_text": "Login Successful for username: daviesray"}}, {"model": "DreamsApp.audit", "pk": 135, "fields": {"timestamp": "2016-06-23T12:22:37.008", "user_id": 0, "table": "DreamsApp_client", "row_id": 0, "action": "LOGIN", "search_text": "Missing login Credentials"}}, {"model": "DreamsApp.audit", "pk": 136, "fields": {"timestamp": "2016-06-23T12:22:55.029", "user_id": 7, "table": "DreamsApp_client", "row_id": 0, "action": "LOGIN", "search_text": "Login Successful for username: daviesray"}}, {"model": "DreamsApp.audit", "pk": 137, "fields": {"timestamp": "2016-07-06T11:47:46.983", "user_id": 7, "table": "DreamsApp_client", "row_id": 0, "action": "LOGIN", "search_text": "Login Successful for username: daviesray"}}, {"model": "DreamsApp.audit", "pk": 138, "fields": {"timestamp": "2016-07-06T11:57:15.116", "user_id": 7, "table": "DreamsApp_client", "row_id": 0, "action": "LOGIN", "search_text": "Login Successful for username: daviesray"}}, {"model": "DreamsApp.audit", "pk": 139, "fields": {"timestamp": "2016-07-06T23:54:19.715", "user_id": 7, "table": "DreamsApp_client", "row_id": 0, "action": "LOGIN", "search_text": "Login Successful for username: daviesray"}}, {"model": "DreamsApp.audit", "pk": 140, "fields": {"timestamp": "2016-07-07T00:08:30.032", "user_id": 7, "table": "DreamsApp_client", "row_id": 0, "action": "LOGIN", "search_text": "Login Successful for username: daviesray"}}, {"model": "DreamsApp.audit", "pk": 141, "fields": {"timestamp": "2016-07-07T00:47:47.003", "user_id": 7, "table": "DreamsApp_client", "row_id": 0, "action": "LOGIN", "search_text": "Login Successful for username: daviesray"}}, {"model": "DreamsApp.audit", "pk": 142, "fields": {"timestamp": "2016-07-07T00:53:56.364", "user_id": 7, "table": "DreamsApp_client", "row_id": 0, "action": "LOGIN", "search_text": "Login Successful for username: daviesray"}}, {"model": "DreamsApp.audit", "pk": 143, "fields": {"timestamp": "2016-07-07T00:55:10.179", "user_id": 7, "table": "DreamsApp_client", "row_id": 0, "action": "LOGIN", "search_text": "Login Successful for username: daviesray"}}, {"model": "DreamsApp.audit", "pk": 144, "fields": {"timestamp": "2016-07-07T00:58:45.401", "user_id": 7, "table": "DreamsApp_client", "row_id": 0, "action": "LOGIN", "search_text": "Login Successful for username: daviesray"}}, {"model": "DreamsApp.audit", "pk": 145, "fields": {"timestamp": "2016-07-07T01:01:41.699", "user_id": 7, "table": "DreamsApp_client", "row_id": 0, "action": "LOGIN", "search_text": "Login Successful for username: daviesray"}}, {"model": "DreamsApp.audit", "pk": 146, "fields": {"timestamp": "2016-07-07T01:01:49.327", "user_id": 7, "table": "DreamsApp_intervention", "row_id": 22, "action": "DELETE", "search_text": null}}, {"model": "DreamsApp.audit", "pk": 147, "fields": {"timestamp": "2016-07-07T01:02:11.388", "user_id": 7, "table": "DreamsApp_intervention", "row_id": 23, "action": "INSERT", "search_text": null}}, {"model": "DreamsApp.audit", "pk": 148, "fields": {"timestamp": "2016-07-07T01:42:35.637", "user_id": 7, "table": "DreamsApp_client", "row_id": 0, "action": "LOGIN", "search_text": "Login Successful for username: daviesray"}}, {"model": "DreamsApp.audit", "pk": 149, "fields": {"timestamp": "2016-07-07T01:51:02.656", "user_id": 7, "table": "DreamsApp_client", "row_id": null, "action": "SEARCH", "search_text": "AX-VDFFE-098"}}, {"model": "DreamsApp.audit", "pk": 150, "fields": {"timestamp": "2016-07-07T01:51:05.063", "user_id": 7, "table": "DreamsApp_client", "row_id": null, "action": "SEARCH", "search_text": "AX-VDFFE-098"}}, {"model": "DreamsApp.audit", "pk": 151, "fields": {"timestamp": "2016-07-07T01:52:02.622", "user_id": 7, "table": "DreamsApp_client", "row_id": null, "action": "SEARCH", "search_text": "AX-VDFFE-098"}}, {"model": "DreamsApp.audit", "pk": 152, "fields": {"timestamp": "2016-07-07T01:52:03.677", "user_id": 7, "table": "DreamsApp_client", "row_id": null, "action": "SEARCH", "search_text": "AX-VDFFE-098"}}, {"model": "DreamsApp.audit", "pk": 153, "fields": {"timestamp": "2016-07-07T01:52:04.508", "user_id": 7, "table": "DreamsApp_client", "row_id": null, "action": "SEARCH", "search_text": "AX-VDFFE-098"}}, {"model": "DreamsApp.audit", "pk": 154, "fields": {"timestamp": "2016-07-07T01:52:04.748", "user_id": 7, "table": "DreamsApp_client", "row_id": null, "action": "SEARCH", "search_text": "AX-VDFFE-098"}}, {"model": "DreamsApp.audit", "pk": 155, "fields": {"timestamp": "2016-07-07T01:52:04.948", "user_id": 7, "table": "DreamsApp_client", "row_id": null, "action": "SEARCH", "search_text": "AX-VDFFE-098"}}, {"model": "DreamsApp.audit", "pk": 156, "fields": {"timestamp": "2016-07-07T01:52:05.130", "user_id": 7, "table": "DreamsApp_client", "row_id": null, "action": "SEARCH", "search_text": "AX-VDFFE-098"}}, {"model": "DreamsApp.audit", "pk": 157, "fields": {"timestamp": "2016-07-07T01:52:05.316", "user_id": 7, "table": "DreamsApp_client", "row_id": null, "action": "SEARCH", "search_text": "AX-VDFFE-098"}}, {"model": "DreamsApp.audit", "pk": 158, "fields": {"timestamp": "2016-07-07T01:52:05.484", "user_id": 7, "table": "DreamsApp_client", "row_id": null, "action": "SEARCH", "search_text": "AX-VDFFE-098"}}, {"model": "DreamsApp.audit", "pk": 159, "fields": {"timestamp": "2016-07-07T01:52:05.668", "user_id": 7, "table": "DreamsApp_client", "row_id": null, "action": "SEARCH", "search_text": "AX-VDFFE-098"}}, {"model": "DreamsApp.audit", "pk": 160, "fields": {"timestamp": "2016-07-07T01:53:01.270", "user_id": 7, "table": "DreamsApp_client", "row_id": 38, "action": "INSERT", "search_text": null}}, {"model": "DreamsApp.audit", "pk": 161, "fields": {"timestamp": "2016-07-07T01:53:13.816", "user_id": 7, "table": "DreamsApp_client", "row_id": null, "action": "SEARCH", "search_text": "AX-VDFFE-0989"}}, {"model": "DreamsApp.audit", "pk": 162, "fields": {"timestamp": "2016-07-07T01:53:15.149", "user_id": 7, "table": "DreamsApp_client", "row_id": null, "action": "SEARCH", "search_text": "AX-VDFFE-0989"}}, {"model": "DreamsApp.audit", "pk": 163, "fields": {"timestamp": "2016-07-07T01:53:15.748", "user_id": 7, "table": "DreamsApp_client", "row_id": null, "action": "SEARCH", "search_text": "AX-VDFFE-0989"}}, {"model": "DreamsApp.audit", "pk": 164, "fields": {"timestamp": "2016-07-07T01:53:16.253", "user_id": 7, "table": "DreamsApp_client", "row_id": null, "action": "SEARCH", "search_text": "AX-VDFFE-0989"}}, {"model": "DreamsApp.audit", "pk": 165, "fields": {"timestamp": "2016-07-07T01:53:16.724", "user_id": 7, "table": "DreamsApp_client", "row_id": null, "action": "SEARCH", "search_text": "AX-VDFFE-0989"}}, {"model": "DreamsApp.audit", "pk": 166, "fields": {"timestamp": "2016-07-07T01:53:17.036", "user_id": 7, "table": "DreamsApp_client", "row_id": null, "action": "SEARCH", "search_text": "AX-VDFFE-0989"}}, {"model": "DreamsApp.audit", "pk": 167, "fields": {"timestamp": "2016-07-07T01:53:23.941", "user_id": 7, "table": "DreamsApp_client", "row_id": null, "action": "SEARCH", "search_text": "AX-VDFFE-0989"}}, {"model": "DreamsApp.audit", "pk": 168, "fields": {"timestamp": "2016-07-07T01:53:26.221", "user_id": 7, "table": "DreamsApp_client", "row_id": null, "action": "SEARCH", "search_text": "AX-VDFFE-0989"}}, {"model": "DreamsApp.audit", "pk": 169, "fields": {"timestamp": "2016-07-07T01:53:27.500", "user_id": 7, "table": "DreamsApp_client", "row_id": null, "action": "SEARCH", "search_text": "AX-VDFFE-0989"}}, {"model": "DreamsApp.audit", "pk": 170, "fields": {"timestamp": "2016-07-07T01:53:34.197", "user_id": 7, "table": "DreamsApp_client", "row_id": null, "action": "SEARCH", "search_text": "AX-VDFFE-0989"}}, {"model": "DreamsApp.audit", "pk": 171, "fields": {"timestamp": "2016-07-07T02:07:11.191", "user_id": 7, "table": "DreamsApp_client", "row_id": 0, "action": "LOGIN", "search_text": "Login Successful for username: daviesray"}}, {"model": "DreamsApp.audit", "pk": 172, "fields": {"timestamp": "2016-07-07T02:09:02.562", "user_id": 7, "table": "DreamsApp_client", "row_id": 0, "action": "LOGIN", "search_text": "Login Successful for username: daviesray"}}, {"model": "DreamsApp.audit", "pk": 173, "fields": {"timestamp": "2016-07-07T02:15:42.227", "user_id": 7, "table": "DreamsApp_client", "row_id": 0, "action": "LOGIN", "search_text": "Login Successful for username: daviesray"}}, {"model": "DreamsApp.audit", "pk": 174, "fields": {"timestamp": "2016-07-07T02:16:27.356", "user_id": 7, "table": "DreamsApp_client", "row_id": null, "action": "SEARCH", "search_text": "Davies"}}, {"model": "DreamsApp.audit", "pk": 175, "fields": {"timestamp": "2016-07-07T02:17:26.353", "user_id": 7, "table": "DreamsApp_client", "row_id": null, "action": "SEARCH", "search_text": "AX-VDFFE-0989"}}, {"model": "DreamsApp.audit", "pk": 176, "fields": {"timestamp": "2016-07-07T02:25:09.447", "user_id": 7, "table": "DreamsApp_client", "row_id": null, "action": "SEARCH", "search_text": "AX-VDFFE-0989"}}, {"model": "DreamsApp.audit", "pk": 177, "fields": {"timestamp": "2016-07-07T02:26:51.145", "user_id": 7, "table": "DreamsApp_client", "row_id": null, "action": "SEARCH", "search_text": "AX-VDFFE-098"}}, {"model": "DreamsApp.audit", "pk": 178, "fields": {"timestamp": "2016-07-07T02:28:10.681", "user_id": 7, "table": "DreamsApp_client", "row_id": 0, "action": "LOGIN", "search_text": "Login Successful for username: daviesray"}}, {"model": "DreamsApp.audit", "pk": 179, "fields": {"timestamp": "2016-07-07T02:28:33.797", "user_id": 7, "table": "DreamsApp_client", "row_id": null, "action": "SEARCH", "search_text": "AX-VDFFE-098"}}, {"model": "DreamsApp.audit", "pk": 180, "fields": {"timestamp": "2016-07-07T02:29:02.038", "user_id": 7, "table": "DreamsApp_client", "row_id": null, "action": "SEARCH", "search_text": "AX-VDFFE-0989"}}, {"model": "DreamsApp.audit", "pk": 181, "fields": {"timestamp": "2016-07-07T02:42:19.835", "user_id": 7, "table": "DreamsApp_client", "row_id": null, "action": "SEARCH", "search_text": "AX-VDFFE-0989"}}, {"model": "DreamsApp.audit", "pk": 182, "fields": {"timestamp": "2016-07-07T02:59:27.714", "user_id": 8, "table": "DreamsApp_client", "row_id": 0, "action": "LOGIN", "search_text": "Login Successful for username: antony"}}, {"model": "DreamsApp.audit", "pk": 183, "fields": {"timestamp": "2016-07-07T03:01:16.269", "user_id": 7, "table": "DreamsApp_client", "row_id": 0, "action": "LOGIN", "search_text": "Login Successful for username: daviesray"}}, {"model": "DreamsApp.audit", "pk": 184, "fields": {"timestamp": "2016-07-07T03:01:20.943", "user_id": 7, "table": "DreamsApp_client", "row_id": null, "action": "SEARCH", "search_text": "AX-VDFFE-0989"}}, {"model": "DreamsApp.audit", "pk": 185, "fields": {"timestamp": "2016-07-07T03:01:22.149", "user_id": 7, "table": "DreamsApp_client", "row_id": null, "action": "SEARCH", "search_text": "AX-VDFFE-0989"}}, {"model": "DreamsApp.audit", "pk": 186, "fields": {"timestamp": "2016-07-07T03:01:39.515", "user_id": 8, "table": "DreamsApp_client", "row_id": 0, "action": "LOGIN", "search_text": "Login Successful for username: antony"}}, {"model": "DreamsApp.audit", "pk": 187, "fields": {"timestamp": "2016-07-07T03:02:01.917", "user_id": 8, "table": "DreamsApp_client", "row_id": 0, "action": "LOGIN", "search_text": "Login Successful for username: antony"}}, {"model": "DreamsApp.audit", "pk": 188, "fields": {"timestamp": "2016-07-07T03:03:04.343", "user_id": 8, "table": "DreamsApp_client", "row_id": 0, "action": "LOGIN", "search_text": "Login Successful for username: antony"}}, {"model": "DreamsApp.audit", "pk": 189, "fields": {"timestamp": "2016-07-07T03:03:29.961", "user_id": 8, "table": "DreamsApp_client", "row_id": null, "action": "SEARCH", "search_text": "AX-VDFFE-0989"}}, {"model": "DreamsApp.audit", "pk": 190, "fields": {"timestamp": "2016-07-07T03:05:07.558", "user_id": 8, "table": "DreamsApp_client", "row_id": 0, "action": "LOGIN", "search_text": "Login Successful for username: antony"}}, {"model": "DreamsApp.audit", "pk": 191, "fields": {"timestamp": "2016-07-07T03:06:05.367", "user_id": 8, "table": "DreamsApp_client", "row_id": 0, "action": "LOGIN", "search_text": "Login Successful for username: antony"}}, {"model": "DreamsApp.audit", "pk": 192, "fields": {"timestamp": "2016-07-07T03:08:56.162", "user_id": 8, "table": "DreamsApp_client", "row_id": 0, "action": "LOGIN", "search_text": "Login Successful for username: antony"}}, {"model": "DreamsApp.audit", "pk": 193, "fields": {"timestamp": "2016-07-07T03:10:45.553", "user_id": 8, "table": "DreamsApp_client", "row_id": 0, "action": "LOGIN", "search_text": "Login Successful for username: antony"}}, {"model": "DreamsApp.audit", "pk": 194, "fields": {"timestamp": "2016-07-07T03:11:33.200", "user_id": 8, "table": "DreamsApp_client", "row_id": 0, "action": "LOGIN", "search_text": "Login Successful for username: antony"}}, {"model": "DreamsApp.audit", "pk": 195, "fields": {"timestamp": "2016-07-07T03:11:45.200", "user_id": 8, "table": "DreamsApp_client", "row_id": null, "action": "SEARCH", "search_text": "AX-VDFFE-0989"}}, {"model": "DreamsApp.audit", "pk": 196, "fields": {"timestamp": "2016-07-07T03:12:27.603", "user_id": 8, "table": "DreamsApp_client", "row_id": null, "action": "SEARCH", "search_text": "Davies"}}, {"model": "DreamsApp.audit", "pk": 197, "fields": {"timestamp": "2016-07-07T03:16:37.849", "user_id": 8, "table": "DreamsApp_client", "row_id": 0, "action": "LOGIN", "search_text": "Login Successful for username: antony"}}, {"model": "DreamsApp.audit", "pk": 198, "fields": {"timestamp": "2016-07-07T03:25:40.248", "user_id": 8, "table": "DreamsApp_client", "row_id": 0, "action": "LOGIN", "search_text": "Login Successful for username: antony"}}, {"model": "DreamsApp.audit", "pk": 199, "fields": {"timestamp": "2016-07-07T03:29:16.205", "user_id": 8, "table": "DreamsApp_client", "row_id": null, "action": "SEARCH", "search_text": "AX-VDFFE-0989"}}, {"model": "DreamsApp.audit", "pk": 200, "fields": {"timestamp": "2016-07-07T03:29:27.161", "user_id": 8, "table": "DreamsApp_client", "row_id": null, "action": "SEARCH", "search_text": "AX-VDFFE-098"}}, {"model": "DreamsApp.audit", "pk": 201, "fields": {"timestamp": "2016-07-07T03:29:34.142", "user_id": 8, "table": "DreamsApp_client", "row_id": null, "action": "SEARCH", "search_text": "AX-VDFFE-098"}}, {"model": "DreamsApp.audit", "pk": 202, "fields": {"timestamp": "2016-07-07T03:29:43.595", "user_id": 8, "table": "DreamsApp_client", "row_id": null, "action": "SEARCH", "search_text": "Davies"}}, {"model": "DreamsApp.audit", "pk": 203, "fields": {"timestamp": "2016-07-07T03:30:07.255", "user_id": 8, "table": "DreamsApp_client", "row_id": null, "action": "SEARCH", "search_text": "Davies"}}, {"model": "DreamsApp.audit", "pk": 204, "fields": {"timestamp": "2016-07-07T03:30:48.807", "user_id": 8, "table": "DreamsApp_client", "row_id": null, "action": "SEARCH", "search_text": "AX-VDFFE-0989"}}, {"model": "DreamsApp.audit", "pk": 205, "fields": {"timestamp": "2016-07-07T03:31:30.282", "user_id": 8, "table": "DreamsApp_client", "row_id": null, "action": "SEARCH", "search_text": "Davies"}}, {"model": "DreamsApp.audit", "pk": 206, "fields": {"timestamp": "2016-07-07T03:39:17.319", "user_id": 8, "table": "DreamsApp_client", "row_id": null, "action": "SEARCH", "search_text": "Davies"}}, {"model": "DreamsApp.audit", "pk": 207, "fields": {"timestamp": "2016-07-07T03:39:28.798", "user_id": 8, "table": "DreamsApp_intervention", "row_id": 24, "action": "INSERT", "search_text": null}}, {"model": "DreamsApp.audit", "pk": 208, "fields": {"timestamp": "2016-07-07T03:39:44.024", "user_id": 8, "table": "DreamsApp_intervention", "row_id": 24, "action": "UPDATE", "search_text": null}}, {"model": "DreamsApp.audit", "pk": 209, "fields": {"timestamp": "2016-07-07T03:47:04.158", "user_id": 8, "table": "DreamsApp_client", "row_id": 0, "action": "LOGIN", "search_text": "Login Successful for username: antony"}}, {"model": "DreamsApp.audit", "pk": 210, "fields": {"timestamp": "2016-07-07T03:47:10.309", "user_id": 8, "table": "DreamsApp_client", "row_id": null, "action": "SEARCH", "search_text": "Davies"}}, {"model": "DreamsApp.audit", "pk": 211, "fields": {"timestamp": "2016-07-07T03:47:57.052", "user_id": 8, "table": "DreamsApp_client", "row_id": 0, "action": "LOGIN", "search_text": "Login Successful for username: antony"}}, {"model": "DreamsApp.audit", "pk": 212, "fields": {"timestamp": "2016-07-07T03:48:30.706", "user_id": 8, "table": "DreamsApp_client", "row_id": null, "action": "SEARCH", "search_text": "Davies"}}, {"model": "DreamsApp.audit", "pk": 213, "fields": {"timestamp": "2016-07-07T03:48:55.579", "user_id": 8, "table": "DreamsApp_client", "row_id": null, "action": "SEARCH", "search_text": "Davies"}}, {"model": "DreamsApp.audit", "pk": 214, "fields": {"timestamp": "2016-07-07T03:50:43.182", "user_id": 8, "table": "DreamsApp_client", "row_id": 0, "action": "LOGIN", "search_text": "Login Successful for username: antony"}}, {"model": "DreamsApp.audit", "pk": 215, "fields": {"timestamp": "2016-07-07T03:50:48.885", "user_id": 8, "table": "DreamsApp_client", "row_id": null, "action": "SEARCH", "search_text": "Davies"}}, {"model": "DreamsApp.audit", "pk": 216, "fields": {"timestamp": "2016-07-07T03:51:10.533", "user_id": 8, "table": "DreamsApp_intervention", "row_id": 24, "action": "DELETE", "search_text": null}}, {"model": "DreamsApp.audit", "pk": 217, "fields": {"timestamp": "2016-07-07T03:51:40.582", "user_id": 8, "table": "DreamsApp_intervention", "row_id": 23, "action": "DELETE", "search_text": "Failed attempt"}}, {"model": "DreamsApp.audit", "pk": 218, "fields": {"timestamp": "2016-07-07T03:53:31.408", "user_id": 8, "table": "DreamsApp_intervention", "row_id": 23, "action": "DELETE", "search_text": "Failed attempt"}}, {"model": "DreamsApp.audit", "pk": 219, "fields": {"timestamp": "2016-07-07T04:02:05.876", "user_id": 8, "table": "DreamsApp_intervention", "row_id": 23, "action": "DELETE", "search_text": "Failed attempt"}}, {"model": "DreamsApp.audit", "pk": 220, "fields": {"timestamp": "2016-07-07T04:07:31.887", "user_id": 8, "table": "DreamsApp_client", "row_id": null, "action": "SEARCH", "search_text": "Davies"}}, {"model": "DreamsApp.audit", "pk": 221, "fields": {"timestamp": "2016-07-07T04:09:35.496", "user_id": 8, "table": "DreamsApp_client", "row_id": 0, "action": "LOGIN", "search_text": "Login Successful for username: antony"}}, {"model": "DreamsApp.audit", "pk": 222, "fields": {"timestamp": "2016-07-07T04:09:42.819", "user_id": 8, "table": "DreamsApp_client", "row_id": null, "action": "SEARCH", "search_text": "Davies"}}, {"model": "DreamsApp.audit", "pk": 223, "fields": {"timestamp": "2016-07-07T04:11:17.577", "user_id": 8, "table": "DreamsApp_client", "row_id": null, "action": "SEARCH", "search_text": "Davies"}}, {"model": "DreamsApp.audit", "pk": 224, "fields": {"timestamp": "2016-07-07T04:15:53.227", "user_id": 8, "table": "DreamsApp_client", "row_id": null, "action": "SEARCH", "search_text": "Davies"}}, {"model": "DreamsApp.audit", "pk": 225, "fields": {"timestamp": "2016-07-07T04:16:10.548", "user_id": 7, "table": "DreamsApp_client", "row_id": 0, "action": "LOGIN", "search_text": "Login Successful for username: daviesray"}}, {"model": "DreamsApp.audit", "pk": 226, "fields": {"timestamp": "2016-07-07T04:16:18.434", "user_id": 7, "table": "DreamsApp_client", "row_id": null, "action": "SEARCH", "search_text": "AX-VDFFE-0989"}}, {"model": "DreamsApp.audit", "pk": 227, "fields": {"timestamp": "2016-07-07T04:16:22.254", "user_id": 7, "table": "DreamsApp_client", "row_id": 38, "action": "DELETE", "search_text": "SUCCESS"}}, {"model": "DreamsApp.audit", "pk": 228, "fields": {"timestamp": "2016-07-07T04:25:32.001", "user_id": 7, "table": "DreamsApp_client", "row_id": null, "action": "SEARCH", "search_text": "Davies"}}, {"model": "DreamsApp.audit", "pk": 229, "fields": {"timestamp": "2016-07-07T04:25:34.230", "user_id": 7, "table": "DreamsApp_client", "row_id": null, "action": "SEARCH", "search_text": "Davies"}}, {"model": "DreamsApp.audit", "pk": 230, "fields": {"timestamp": "2016-07-07T04:25:52.907", "user_id": 8, "table": "DreamsApp_client", "row_id": 0, "action": "LOGIN", "search_text": "Login Successful for username: antony"}}, {"model": "DreamsApp.audit", "pk": 231, "fields": {"timestamp": "2016-07-07T04:25:55.689", "user_id": 8, "table": "DreamsApp_client", "row_id": null, "action": "SEARCH", "search_text": "Davies"}}, {"model": "DreamsApp.audit", "pk": 232, "fields": {"timestamp": "2016-07-07T04:26:41.063", "user_id": 8, "table": "DreamsApp_client", "row_id": 0, "action": "LOGIN", "search_text": "Login Successful for username: antony"}}, {"model": "DreamsApp.audit", "pk": 233, "fields": {"timestamp": "2016-07-07T04:26:44.403", "user_id": 8, "table": "DreamsApp_client", "row_id": null, "action": "SEARCH", "search_text": "Davies"}}, {"model": "DreamsApp.audit", "pk": 234, "fields": {"timestamp": "2016-07-07T04:27:16.112", "user_id": 7, "table": "DreamsApp_client", "row_id": 0, "action": "LOGIN", "search_text": "Login Successful for username: daviesray"}}, {"model": "DreamsApp.audit", "pk": 235, "fields": {"timestamp": "2016-07-07T04:27:21.801", "user_id": 7, "table": "DreamsApp_client", "row_id": null, "action": "SEARCH", "search_text": "AX-VDFFE-0989"}}, {"model": "DreamsApp.audit", "pk": 236, "fields": {"timestamp": "2016-07-07T04:27:25.617", "user_id": 7, "table": "DreamsApp_client", "row_id": null, "action": "SEARCH", "search_text": "AX-VDFFE-098"}}, {"model": "DreamsApp.audit", "pk": 237, "fields": {"timestamp": "2016-07-07T04:27:29.295", "user_id": 7, "table": "DreamsApp_client", "row_id": null, "action": "SEARCH", "search_text": "AX-VDFFE-098"}}, {"model": "DreamsApp.audit", "pk": 238, "fields": {"timestamp": "2016-07-07T04:27:33.422", "user_id": 7, "table": "DreamsApp_client", "row_id": null, "action": "SEARCH", "search_text": "AX-VDFFE-098"}}, {"model": "DreamsApp.audit", "pk": 239, "fields": {"timestamp": "2016-07-07T04:27:41.014", "user_id": 7, "table": "DreamsApp_client", "row_id": null, "action": "SEARCH", "search_text": "AX-VDFFE-098"}}, {"model": "DreamsApp.audit", "pk": 240, "fields": {"timestamp": "2016-07-07T04:27:43.261", "user_id": 7, "table": "DreamsApp_client", "row_id": null, "action": "SEARCH", "search_text": "AX-VDFFE-0989"}}, {"model": "DreamsApp.audit", "pk": 241, "fields": {"timestamp": "2016-07-07T04:27:43.734", "user_id": 7, "table": "DreamsApp_client", "row_id": null, "action": "SEARCH", "search_text": "AX-VDFFE-0989"}}, {"model": "DreamsApp.audit", "pk": 242, "fields": {"timestamp": "2016-07-07T04:27:43.967", "user_id": 7, "table": "DreamsApp_client", "row_id": null, "action": "SEARCH", "search_text": "AX-VDFFE-0989"}}, {"model": "DreamsApp.audit", "pk": 243, "fields": {"timestamp": "2016-07-07T04:27:44.127", "user_id": 7, "table": "DreamsApp_client", "row_id": null, "action": "SEARCH", "search_text": "AX-VDFFE-0989"}}, {"model": "DreamsApp.audit", "pk": 244, "fields": {"timestamp": "2016-07-07T04:27:44.302", "user_id": 7, "table": "DreamsApp_client", "row_id": null, "action": "SEARCH", "search_text": "AX-VDFFE-0989"}}, {"model": "DreamsApp.audit", "pk": 245, "fields": {"timestamp": "2016-07-07T04:27:44.470", "user_id": 7, "table": "DreamsApp_client", "row_id": null, "action": "SEARCH", "search_text": "AX-VDFFE-0989"}}, {"model": "DreamsApp.audit", "pk": 246, "fields": {"timestamp": "2016-07-07T04:27:44.630", "user_id": 7, "table": "DreamsApp_client", "row_id": null, "action": "SEARCH", "search_text": "AX-VDFFE-0989"}}, {"model": "DreamsApp.audit", "pk": 247, "fields": {"timestamp": "2016-07-07T04:27:44.789", "user_id": 7, "table": "DreamsApp_client", "row_id": null, "action": "SEARCH", "search_text": "AX-VDFFE-0989"}}, {"model": "DreamsApp.audit", "pk": 248, "fields": {"timestamp": "2016-07-07T04:27:44.966", "user_id": 7, "table": "DreamsApp_client", "row_id": null, "action": "SEARCH", "search_text": "AX-VDFFE-0989"}}, {"model": "DreamsApp.audit", "pk": 249, "fields": {"timestamp": "2016-07-07T04:27:53.044", "user_id": 7, "table": "DreamsApp_client", "row_id": 0, "action": "LOGIN", "search_text": "Login Successful for username: daviesray"}}, {"model": "DreamsApp.audit", "pk": 250, "fields": {"timestamp": "2016-07-07T04:27:57.591", "user_id": 7, "table": "DreamsApp_client", "row_id": null, "action": "SEARCH", "search_text": "Davies"}}, {"model": "DreamsApp.audit", "pk": 251, "fields": {"timestamp": "2016-07-07T04:27:59.158", "user_id": 7, "table": "DreamsApp_client", "row_id": null, "action": "SEARCH", "search_text": "Davies"}}, {"model": "DreamsApp.audit", "pk": 252, "fields": {"timestamp": "2016-07-07T04:28:34.790", "user_id": 7, "table": "DreamsApp_client", "row_id": null, "action": "SEARCH", "search_text": "AX-VDFFE-098"}}, {"model": "DreamsApp.audit", "pk": 253, "fields": {"timestamp": "2016-07-07T04:28:37.581", "user_id": 7, "table": "DreamsApp_client", "row_id": null, "action": "SEARCH", "search_text": "AX-VDFFE-098"}}, {"model": "DreamsApp.audit", "pk": 254, "fields": {"timestamp": "2016-07-07T04:28:51.045", "user_id": 7, "table": "DreamsApp_client", "row_id": null, "action": "SEARCH", "search_text": "AX-VDFFE-098"}}, {"model": "DreamsApp.audit", "pk": 255, "fields": {"timestamp": "2016-07-07T04:29:49.702", "user_id": 7, "table": "DreamsApp_client", "row_id": null, "action": "SEARCH", "search_text": "AX-VDFFE-098"}}, {"model": "DreamsApp.audit", "pk": 256, "fields": {"timestamp": "2016-07-07T04:30:33.570", "user_id": 7, "table": "DreamsApp_client", "row_id": 0, "action": "LOGIN", "search_text": "Login Successful for username: daviesray"}}, {"model": "DreamsApp.audit", "pk": 257, "fields": {"timestamp": "2016-07-07T04:30:46.331", "user_id": 7, "table": "DreamsApp_client", "row_id": null, "action": "SEARCH", "search_text": "AX-VDFFE-098"}}, {"model": "DreamsApp.audit", "pk": 258, "fields": {"timestamp": "2016-07-07T04:34:01.889", "user_id": 7, "table": "DreamsApp_client", "row_id": null, "action": "SEARCH", "search_text": "AX-VDFFE-098"}}, {"model": "DreamsApp.audit", "pk": 259, "fields": {"timestamp": "2016-07-08T06:21:01.102", "user_id": 7, "table": "DreamsApp_client", "row_id": 0, "action": "LOGIN", "search_text": "Login Successful for username: daviesray"}}, {"model": "DreamsApp.audit", "pk": 260, "fields": {"timestamp": "2016-07-12T05:22:56.822", "user_id": 7, "table": "DreamsApp_client", "row_id": 0, "action": "LOGIN", "search_text": "Login Successful for username: daviesray"}}, {"model": "DreamsApp.audit", "pk": 261, "fields": {"timestamp": "2016-07-12T08:27:15.572", "user_id": 7, "table": "DreamsApp_client", "row_id": 0, "action": "LOGIN", "search_text": "Login Successful for username: daviesray"}}, {"model": "DreamsApp.audit", "pk": 262, "fields": {"timestamp": "2016-07-13T07:34:52.189", "user_id": 7, "table": "DreamsApp_client", "row_id": 0, "action": "LOGIN", "search_text": "Login Successful for username: daviesray"}}, {"model": "DreamsApp.audit", "pk": 263, "fields": {"timestamp": "2016-07-13T07:42:14.069", "user_id": 7, "table": "DreamsApp_client", "row_id": null, "action": "SEARCH", "search_text": ""}}, {"model": "DreamsApp.audit", "pk": 264, "fields": {"timestamp": "2016-07-13T07:42:20.324", "user_id": 7, "table": "DreamsApp_client", "row_id": null, "action": "SEARCH", "search_text": "AX-VDFFE-098"}}, {"model": "DreamsApp.audit", "pk": 265, "fields": {"timestamp": "2016-07-13T07:43:44.126", "user_id": 7, "table": "DreamsApp_client", "row_id": null, "action": "SEARCH", "search_text": ""}}, {"model": "DreamsApp.audit", "pk": 266, "fields": {"timestamp": "2016-07-13T07:43:49.492", "user_id": 7, "table": "DreamsApp_client", "row_id": null, "action": "SEARCH", "search_text": "AX-VDFFE-098"}}, {"model": "DreamsApp.audit", "pk": 267, "fields": {"timestamp": "2016-07-13T07:43:51.284", "user_id": 7, "table": "DreamsApp_client", "row_id": null, "action": "SEARCH", "search_text": "AX-VDFFE-098"}}, {"model": "DreamsApp.audit", "pk": 268, "fields": {"timestamp": "2016-07-13T08:03:35.232", "user_id": 7, "table": "DreamsApp_client", "row_id": 0, "action": "LOGIN", "search_text": "Login Successful for username: daviesray"}}, {"model": "DreamsApp.audit", "pk": 269, "fields": {"timestamp": "2016-07-13T08:04:03.589", "user_id": 7, "table": "DreamsApp_client", "row_id": 39, "action": "INSERT", "search_text": null}}, {"model": "DreamsApp.audit", "pk": 270, "fields": {"timestamp": "2016-07-13T08:04:46.302", "user_id": 7, "table": "DreamsApp_client", "row_id": null, "action": "SEARCH", "search_text": "AX-VDFFE-098"}}, {"model": "DreamsApp.audit", "pk": 271, "fields": {"timestamp": "2016-07-13T08:12:50.581", "user_id": 7, "table": "DreamsApp_client", "row_id": 40, "action": "INSERT", "search_text": null}}, {"model": "DreamsApp.audit", "pk": 272, "fields": {"timestamp": "2016-07-13T08:25:16.382", "user_id": 7, "table": "DreamsApp_client", "row_id": null, "action": "SEARCH", "search_text": "AX-VDFFE-098"}}, {"model": "DreamsApp.audit", "pk": 273, "fields": {"timestamp": "2016-07-13T08:30:48.123", "user_id": 7, "table": "DreamsApp_client", "row_id": null, "action": "SEARCH", "search_text": "AX-VDFFE-098"}}, {"model": "DreamsApp.audit", "pk": 274, "fields": {"timestamp": "2016-07-13T08:34:40.006", "user_id": 7, "table": "DreamsApp_client", "row_id": null, "action": "SEARCH", "search_text": ""}}, {"model": "DreamsApp.audit", "pk": 275, "fields": {"timestamp": "2016-07-13T08:34:46.383", "user_id": 7, "table": "DreamsApp_client", "row_id": null, "action": "SEARCH", "search_text": ""}}, {"model": "DreamsApp.audit", "pk": 276, "fields": {"timestamp": "2016-07-13T08:35:50.688", "user_id": 7, "table": "DreamsApp_client", "row_id": null, "action": "SEARCH", "search_text": ""}}, {"model": "DreamsApp.audit", "pk": 277, "fields": {"timestamp": "2016-07-13T08:37:01.250", "user_id": 7, "table": "DreamsApp_client", "row_id": null, "action": "SEARCH", "search_text": ""}}, {"model": "DreamsApp.audit", "pk": 278, "fields": {"timestamp": "2016-07-13T08:37:31.816", "user_id": 7, "table": "DreamsApp_client", "row_id": null, "action": "SEARCH", "search_text": ""}}, {"model": "DreamsApp.audit", "pk": 279, "fields": {"timestamp": "2016-07-13T08:37:36.785", "user_id": 7, "table": "DreamsApp_client", "row_id": null, "action": "SEARCH", "search_text": ""}}, {"model": "DreamsApp.audit", "pk": 280, "fields": {"timestamp": "2016-07-13T09:46:59.343", "user_id": 7, "table": "DreamsApp_client", "row_id": 0, "action": "LOGIN", "search_text": "Login Successful for username: daviesray"}}, {"model": "DreamsApp.audit", "pk": 281, "fields": {"timestamp": "2016-07-13T09:59:11.692", "user_id": 8, "table": "DreamsApp_client", "row_id": 0, "action": "LOGIN", "search_text": "Login Successful for username: antony"}}, {"model": "DreamsApp.audit", "pk": 282, "fields": {"timestamp": "2016-07-13T10:08:15.856", "user_id": 8, "table": "DreamsApp_client", "row_id": 0, "action": "LOGIN", "search_text": "Login Successful for username: antony"}}, {"model": "DreamsApp.audit", "pk": 283, "fields": {"timestamp": "2016-07-13T10:08:38.777", "user_id": 7, "table": "DreamsApp_client", "row_id": 0, "action": "LOGIN", "search_text": "Login Successful for username: daviesray"}}, {"model": "DreamsApp.audit", "pk": 284, "fields": {"timestamp": "2016-07-13T10:57:30.353", "user_id": 7, "table": "DreamsApp_client", "row_id": 0, "action": "LOGIN", "search_text": "Login Successful for username: daviesray"}}, {"model": "DreamsApp.audit", "pk": 285, "fields": {"timestamp": "2016-07-13T11:23:05.763", "user_id": 7, "table": "DreamsApp_client", "row_id": 0, "action": "LOGIN", "search_text": "Login Successful for username: daviesray"}}, {"model": "DreamsApp.audit", "pk": 286, "fields": {"timestamp": "2016-07-13T11:23:56.137", "user_id": 7, "table": "DreamsApp_client", "row_id": 0, "action": "LOGIN", "search_text": "Login Successful for username: daviesray"}}, {"model": "DreamsApp.audit", "pk": 287, "fields": {"timestamp": "2016-07-13T11:38:11.426", "user_id": 7, "table": "DreamsApp_client", "row_id": 0, "action": "LOGIN", "search_text": "Login Successful for username: daviesray"}}, {"model": "DreamsApp.audit", "pk": 288, "fields": {"timestamp": "2016-07-13T12:02:35.267", "user_id": 7, "table": "DreamsApp_client", "row_id": 0, "action": "LOGIN", "search_text": "Login Successful for username: daviesray"}}, {"model": "DreamsApp.audit", "pk": 289, "fields": {"timestamp": "2016-07-13T12:02:40.418", "user_id": 7, "table": "DreamsApp_client", "row_id": null, "action": "SEARCH", "search_text": "AX-VDFFE-098"}}, {"model": "DreamsApp.audit", "pk": 290, "fields": {"timestamp": "2016-07-13T12:03:16.534", "user_id": 8, "table": "DreamsApp_client", "row_id": 0, "action": "LOGIN", "search_text": "Login Successful for username: antony"}}, {"model": "DreamsApp.audit", "pk": 291, "fields": {"timestamp": "2016-07-13T12:03:21.536", "user_id": 8, "table": "DreamsApp_client", "row_id": null, "action": "SEARCH", "search_text": "AX-VDFFE-098"}}, {"model": "DreamsApp.audit", "pk": 292, "fields": {"timestamp": "2016-07-13T12:03:53.832", "user_id": 7, "table": "DreamsApp_client", "row_id": 0, "action": "LOGIN", "search_text": "Login Successful for username: daviesray"}}, {"model": "DreamsApp.audit", "pk": 293, "fields": {"timestamp": "2016-07-13T12:07:07.837", "user_id": 8, "table": "DreamsApp_client", "row_id": 0, "action": "LOGIN", "search_text": "Login Successful for username: antony"}}, {"model": "DreamsApp.audit", "pk": 294, "fields": {"timestamp": "2016-07-13T12:07:11.990", "user_id": 8, "table": "DreamsApp_client", "row_id": null, "action": "SEARCH", "search_text": "AX-VDFFE-098"}}, {"model": "DreamsApp.audit", "pk": 295, "fields": {"timestamp": "2016-07-13T12:09:18.503", "user_id": 8, "table": "DreamsApp_client", "row_id": 0, "action": "LOGIN", "search_text": "Login Successful for username: antony"}}, {"model": "DreamsApp.audit", "pk": 296, "fields": {"timestamp": "2016-07-13T12:09:22.394", "user_id": 8, "table": "DreamsApp_client", "row_id": null, "action": "SEARCH", "search_text": "AX-VDFFE-098"}}, {"model": "DreamsApp.audit", "pk": 297, "fields": {"timestamp": "2016-07-13T12:12:23.170", "user_id": 8, "table": "DreamsApp_client", "row_id": 0, "action": "LOGIN", "search_text": "Login Successful for username: antony"}}, {"model": "DreamsApp.audit", "pk": 298, "fields": {"timestamp": "2016-07-13T12:12:29.675", "user_id": 8, "table": "DreamsApp_client", "row_id": null, "action": "SEARCH", "search_text": "AX-VDFFE-098"}}, {"model": "DreamsApp.audit", "pk": 299, "fields": {"timestamp": "2016-07-13T12:13:18.356", "user_id": 8, "table": "DreamsApp_client", "row_id": 0, "action": "LOGIN", "search_text": "Login Successful for username: antony"}}, {"model": "DreamsApp.audit", "pk": 300, "fields": {"timestamp": "2016-07-13T12:13:22.256", "user_id": 8, "table": "DreamsApp_client", "row_id": null, "action": "SEARCH", "search_text": "AX-VDFFE-098"}}, {"model": "DreamsApp.audit", "pk": 301, "fields": {"timestamp": "2016-07-13T12:27:24.506", "user_id": 8, "table": "DreamsApp_client", "row_id": null, "action": "SEARCH", "search_text": "AX-VDFFE-098"}}, {"model": "DreamsApp.audit", "pk": 302, "fields": {"timestamp": "2016-07-13T12:28:15.413", "user_id": 8, "table": "DreamsApp_intervention", "row_id": 25, "action": "INSERT", "search_text": null}}, {"model": "DreamsApp.audit", "pk": 303, "fields": {"timestamp": "2016-07-13T12:28:35.137", "user_id": 8, "table": "DreamsApp_intervention", "row_id": 26, "action": "INSERT", "search_text": null}}, {"model": "DreamsApp.audit", "pk": 304, "fields": {"timestamp": "2016-07-13T12:29:01.351", "user_id": 7, "table": "DreamsApp_client", "row_id": 0, "action": "LOGIN", "search_text": "Login Successful for username: daviesray"}}, {"model": "DreamsApp.audit", "pk": 305, "fields": {"timestamp": "2016-07-13T12:30:46.895", "user_id": 9, "table": "DreamsApp_client", "row_id": 0, "action": "LOGIN", "search_text": "Login Successful for username: milton"}}, {"model": "DreamsApp.audit", "pk": 306, "fields": {"timestamp": "2016-07-13T12:30:50.752", "user_id": 9, "table": "DreamsApp_client", "row_id": null, "action": "SEARCH", "search_text": "AX-VDFFE-098"}}, {"model": "DreamsApp.audit", "pk": 307, "fields": {"timestamp": "2016-07-13T12:31:13.090", "user_id": 7, "table": "DreamsApp_client", "row_id": 0, "action": "LOGIN", "search_text": "Login Successful for username: daviesray"}}, {"model": "DreamsApp.audit", "pk": 308, "fields": {"timestamp": "2016-07-13T12:33:26.233", "user_id": 9, "table": "DreamsApp_client", "row_id": 0, "action": "LOGIN", "search_text": "Login Successful for username: milton"}}, {"model": "DreamsApp.audit", "pk": 309, "fields": {"timestamp": "2016-07-13T12:33:31.507", "user_id": 9, "table": "DreamsApp_client", "row_id": null, "action": "SEARCH", "search_text": "AX-VDFFE-098"}}, {"model": "DreamsApp.audit", "pk": 310, "fields": {"timestamp": "2016-07-13T12:36:29.044", "user_id": 9, "table": "DreamsApp_client", "row_id": 0, "action": "LOGIN", "search_text": "Login Successful for username: milton"}}, {"model": "DreamsApp.audit", "pk": 311, "fields": {"timestamp": "2016-07-13T12:36:35.784", "user_id": 9, "table": "DreamsApp_client", "row_id": null, "action": "SEARCH", "search_text": "AX-VDFFE-098"}}, {"model": "DreamsApp.audit", "pk": 312, "fields": {"timestamp": "2016-07-14T05:27:37.071", "user_id": 9, "table": "DreamsApp_client", "row_id": 0, "action": "LOGIN", "search_text": "Login Successful for username: milton"}}, {"model": "DreamsApp.audit", "pk": 313, "fields": {"timestamp": "2016-07-14T05:27:43.629", "user_id": 9, "table": "DreamsApp_client", "row_id": null, "action": "SEARCH", "search_text": "AX-VDFFE-098"}}, {"model": "DreamsApp.audit", "pk": 314, "fields": {"timestamp": "2016-07-14T06:06:42.532", "user_id": 9, "table": "DreamsApp_client", "row_id": null, "action": "SEARCH", "search_text": "AX-VDFFE-098"}}, {"model": "DreamsApp.audit", "pk": 315, "fields": {"timestamp": "2016-07-14T06:31:18.467", "user_id": 9, "table": "DreamsApp_client", "row_id": null, "action": "SEARCH", "search_text": "AX-VDFFE-098"}}, {"model": "DreamsApp.audit", "pk": 316, "fields": {"timestamp": "2016-07-14T06:38:25.034", "user_id": 9, "table": "DreamsApp_intervention", "row_id": 27, "action": "INSERT", "search_text": null}}, {"model": "DreamsApp.audit", "pk": 317, "fields": {"timestamp": "2016-07-14T06:38:53.628", "user_id": 7, "table": "DreamsApp_client", "row_id": 0, "action": "LOGIN", "search_text": "Login Successful for username: daviesray"}}, {"model": "DreamsApp.audit", "pk": 318, "fields": {"timestamp": "2016-07-14T06:39:42.250", "user_id": 8, "table": "DreamsApp_client", "row_id": 0, "action": "LOGIN", "search_text": "Login Successful for username: antony"}}, {"model": "DreamsApp.audit", "pk": 319, "fields": {"timestamp": "2016-07-14T06:39:55.978", "user_id": 8, "table": "DreamsApp_client", "row_id": null, "action": "SEARCH", "search_text": "AX-VDFFE-098"}}, {"model": "DreamsApp.audit", "pk": 320, "fields": {"timestamp": "2016-07-14T06:40:35.871", "user_id": 8, "table": "DreamsApp_client", "row_id": 0, "action": "LOGIN", "search_text": "Login Successful for username: antony"}}, {"model": "DreamsApp.audit", "pk": 321, "fields": {"timestamp": "2016-07-14T06:41:01.685", "user_id": 8, "table": "DreamsApp_client", "row_id": null, "action": "SEARCH", "search_text": "AX-VDFFE-098"}}, {"model": "DreamsApp.audit", "pk": 322, "fields": {"timestamp": "2016-07-14T06:54:35.760", "user_id": 8, "table": "DreamsApp_client", "row_id": 0, "action": "LOGIN", "search_text": "Login Successful for username: antony"}}, {"model": "DreamsApp.audit", "pk": 323, "fields": {"timestamp": "2016-07-14T06:54:40.204", "user_id": 8, "table": "DreamsApp_client", "row_id": null, "action": "SEARCH", "search_text": "AX-VDFFE-098"}}, {"model": "DreamsApp.audit", "pk": 324, "fields": {"timestamp": "2016-07-14T07:13:20.184", "user_id": 8, "table": "DreamsApp_client", "row_id": 0, "action": "LOGIN", "search_text": "Login Successful for username: antony"}}, {"model": "DreamsApp.audit", "pk": 325, "fields": {"timestamp": "2016-07-14T07:13:25.526", "user_id": 8, "table": "DreamsApp_client", "row_id": null, "action": "SEARCH", "search_text": "Daviess"}}, {"model": "DreamsApp.audit", "pk": 326, "fields": {"timestamp": "2016-07-14T07:13:27.982", "user_id": 8, "table": "DreamsApp_client", "row_id": null, "action": "SEARCH", "search_text": "Davies"}}, {"model": "DreamsApp.audit", "pk": 327, "fields": {"timestamp": "2016-07-14T07:13:35.986", "user_id": 9, "table": "DreamsApp_client", "row_id": 0, "action": "LOGIN", "search_text": "Login Successful for username: milton"}}, {"model": "DreamsApp.audit", "pk": 328, "fields": {"timestamp": "2016-07-14T07:13:41.526", "user_id": 9, "table": "DreamsApp_client", "row_id": null, "action": "SEARCH", "search_text": "Davies"}}, {"model": "DreamsApp.audit", "pk": 329, "fields": {"timestamp": "2016-07-14T07:17:41.435", "user_id": 7, "table": "DreamsApp_client", "row_id": 0, "action": "LOGIN", "search_text": "Login Successful for username: daviesray"}}, {"model": "DreamsApp.audit", "pk": 330, "fields": {"timestamp": "2016-07-14T07:18:19.357", "user_id": 8, "table": "DreamsApp_client", "row_id": 0, "action": "LOGIN", "search_text": "Login Successful for username: antony"}}, {"model": "DreamsApp.audit", "pk": 331, "fields": {"timestamp": "2016-07-14T07:18:24.068", "user_id": 8, "table": "DreamsApp_client", "row_id": null, "action": "SEARCH", "search_text": "Davies"}}, {"model": "DreamsApp.audit", "pk": 332, "fields": {"timestamp": "2016-07-14T07:18:28.846", "user_id": 8, "table": "DreamsApp_client", "row_id": null, "action": "SEARCH", "search_text": "Davies"}}, {"model": "DreamsApp.audit", "pk": 333, "fields": {"timestamp": "2016-07-14T07:18:34.088", "user_id": 8, "table": "DreamsApp_client", "row_id": null, "action": "SEARCH", "search_text": "AX-VDFFE-098"}}, {"model": "DreamsApp.audit", "pk": 334, "fields": {"timestamp": "2016-07-14T07:18:35.342", "user_id": 8, "table": "DreamsApp_client", "row_id": null, "action": "SEARCH", "search_text": "AX-VDFFE-098"}}, {"model": "DreamsApp.audit", "pk": 335, "fields": {"timestamp": "2016-07-14T07:18:36.567", "user_id": 8, "table": "DreamsApp_client", "row_id": null, "action": "SEARCH", "search_text": "AX-VDFFE-098"}}, {"model": "DreamsApp.audit", "pk": 336, "fields": {"timestamp": "2016-07-14T07:18:37.385", "user_id": 8, "table": "DreamsApp_client", "row_id": null, "action": "SEARCH", "search_text": "AX-VDFFE-098"}}, {"model": "DreamsApp.audit", "pk": 337, "fields": {"timestamp": "2016-07-14T07:18:37.765", "user_id": 8, "table": "DreamsApp_client", "row_id": null, "action": "SEARCH", "search_text": "AX-VDFFE-098"}}, {"model": "DreamsApp.audit", "pk": 338, "fields": {"timestamp": "2016-07-14T07:18:37.989", "user_id": 8, "table": "DreamsApp_client", "row_id": null, "action": "SEARCH", "search_text": "AX-VDFFE-098"}}, {"model": "DreamsApp.audit", "pk": 339, "fields": {"timestamp": "2016-07-14T07:18:38.348", "user_id": 8, "table": "DreamsApp_client", "row_id": null, "action": "SEARCH", "search_text": "AX-VDFFE-098"}}, {"model": "DreamsApp.audit", "pk": 340, "fields": {"timestamp": "2016-07-14T07:18:38.597", "user_id": 8, "table": "DreamsApp_client", "row_id": null, "action": "SEARCH", "search_text": "AX-VDFFE-098"}}, {"model": "DreamsApp.audit", "pk": 341, "fields": {"timestamp": "2016-07-14T07:18:48.703", "user_id": 8, "table": "DreamsApp_client", "row_id": null, "action": "SEARCH", "search_text": "AX-VDFFE-098"}}, {"model": "DreamsApp.audit", "pk": 342, "fields": {"timestamp": "2016-07-14T07:19:16.324", "user_id": 8, "table": "DreamsApp_client", "row_id": 0, "action": "LOGIN", "search_text": "Login Successful for username: antony"}}, {"model": "DreamsApp.audit", "pk": 343, "fields": {"timestamp": "2016-07-14T07:24:58.981", "user_id": 7, "table": "DreamsApp_client", "row_id": 0, "action": "LOGIN", "search_text": "Login Successful for username: daviesray"}}, {"model": "DreamsApp.audit", "pk": 344, "fields": {"timestamp": "2016-07-14T07:25:04.385", "user_id": 7, "table": "DreamsApp_client", "row_id": null, "action": "SEARCH", "search_text": "Davies"}}, {"model": "DreamsApp.audit", "pk": 345, "fields": {"timestamp": "2016-07-14T07:26:05.738", "user_id": 7, "table": "DreamsApp_client", "row_id": null, "action": "SEARCH", "search_text": "AX-VDFFE-098"}}, {"model": "DreamsApp.audit", "pk": 346, "fields": {"timestamp": "2016-07-14T07:26:13.629", "user_id": 7, "table": "DreamsApp_client", "row_id": 37, "action": "UPDATE", "search_text": null}}, {"model": "DreamsApp.audit", "pk": 347, "fields": {"timestamp": "2016-07-14T07:26:42.442", "user_id": 8, "table": "DreamsApp_client", "row_id": 0, "action": "LOGIN", "search_text": "Login Successful for username: antony"}}, {"model": "DreamsApp.audit", "pk": 348, "fields": {"timestamp": "2016-07-14T07:26:48.858", "user_id": 8, "table": "DreamsApp_client", "row_id": null, "action": "SEARCH", "search_text": "Davies"}}, {"model": "DreamsApp.audit", "pk": 349, "fields": {"timestamp": "2016-07-14T07:26:54.617", "user_id": 8, "table": "DreamsApp_client", "row_id": null, "action": "SEARCH", "search_text": "AX-VDFFE-098"}}, {"model": "DreamsApp.audit", "pk": 350, "fields": {"timestamp": "2016-07-14T07:29:59.351", "user_id": 8, "table": "DreamsApp_client", "row_id": null, "action": "SEARCH", "search_text": "AX-VDFFE-098"}}, {"model": "DreamsApp.audit", "pk": 351, "fields": {"timestamp": "2016-07-14T07:30:15.027", "user_id": 7, "table": "DreamsApp_client", "row_id": 0, "action": "LOGIN", "search_text": "Login Successful for username: daviesray"}}, {"model": "DreamsApp.audit", "pk": 352, "fields": {"timestamp": "2016-07-14T07:30:59.438", "user_id": 8, "table": "DreamsApp_client", "row_id": 0, "action": "LOGIN", "search_text": "Login Successful for username: antony"}}, {"model": "DreamsApp.audit", "pk": 353, "fields": {"timestamp": "2016-07-14T07:31:03.510", "user_id": 8, "table": "DreamsApp_client", "row_id": null, "action": "SEARCH", "search_text": "AX-VDFFE-098"}}, {"model": "DreamsApp.audit", "pk": 354, "fields": {"timestamp": "2016-07-14T07:31:27.625", "user_id": 7, "table": "DreamsApp_client", "row_id": 0, "action": "LOGIN", "search_text": "Login Successful for username: daviesray"}}, {"model": "DreamsApp.audit", "pk": 355, "fields": {"timestamp": "2016-07-14T07:40:40.292", "user_id": 8, "table": "DreamsApp_client", "row_id": 0, "action": "LOGIN", "search_text": "Login Successful for username: antony"}}, {"model": "DreamsApp.audit", "pk": 356, "fields": {"timestamp": "2016-07-14T07:40:44.699", "user_id": 8, "table": "DreamsApp_client", "row_id": null, "action": "SEARCH", "search_text": "AX-VDFFE-098"}}, {"model": "DreamsApp.audit", "pk": 357, "fields": {"timestamp": "2016-07-14T07:41:51.145", "user_id": 8, "table": "DreamsApp_client", "row_id": 0, "action": "LOGIN", "search_text": "Login Successful for username: antony"}}, {"model": "DreamsApp.audit", "pk": 358, "fields": {"timestamp": "2016-07-14T07:41:56.113", "user_id": 8, "table": "DreamsApp_client", "row_id": null, "action": "SEARCH", "search_text": "AX-VDFFE-098"}}, {"model": "DreamsApp.audit", "pk": 359, "fields": {"timestamp": "2016-07-14T07:45:48.019", "user_id": 8, "table": "DreamsApp_client", "row_id": 0, "action": "LOGIN", "search_text": "Login Successful for username: antony"}}, {"model": "DreamsApp.audit", "pk": 360, "fields": {"timestamp": "2016-07-14T07:45:52.133", "user_id": 8, "table": "DreamsApp_client", "row_id": null, "action": "SEARCH", "search_text": "AX-VDFFE-098"}}, {"model": "DreamsApp.audit", "pk": 361, "fields": {"timestamp": "2016-07-14T07:50:32.544", "user_id": 9, "table": "DreamsApp_client", "row_id": 0, "action": "LOGIN", "search_text": "Login Successful for username: milton"}}, {"model": "DreamsApp.audit", "pk": 362, "fields": {"timestamp": "2016-07-14T07:50:36.740", "user_id": 9, "table": "DreamsApp_client", "row_id": null, "action": "SEARCH", "search_text": "AX-VDFFE-098"}}, {"model": "DreamsApp.audit", "pk": 363, "fields": {"timestamp": "2016-07-14T07:51:07.373", "user_id": 8, "table": "DreamsApp_client", "row_id": 0, "action": "LOGIN", "search_text": "Login Successful for username: antony"}}, {"model": "DreamsApp.audit", "pk": 364, "fields": {"timestamp": "2016-07-14T07:51:11.930", "user_id": 8, "table": "DreamsApp_client", "row_id": null, "action": "SEARCH", "search_text": "AX-VDFFE-098"}}, {"model": "DreamsApp.audit", "pk": 365, "fields": {"timestamp": "2016-07-14T08:09:15.659", "user_id": 7, "table": "DreamsApp_client", "row_id": 0, "action": "LOGIN", "search_text": "Login Successful for username: daviesray"}}, {"model": "DreamsApp.audit", "pk": 366, "fields": {"timestamp": "2016-07-14T09:05:14.915", "user_id": 7, "table": "DreamsApp_client", "row_id": 0, "action": "LOGIN", "search_text": "Login Successful for username: daviesray"}}, {"model": "DreamsApp.audit", "pk": 367, "fields": {"timestamp": "2016-07-14T09:05:42.361", "user_id": 7, "table": "DreamsApp_client", "row_id": null, "action": "SEARCH", "search_text": "AX-VDFFE-098"}}, {"model": "DreamsApp.audit", "pk": 368, "fields": {"timestamp": "2016-07-14T09:14:35.618", "user_id": 7, "table": "DreamsApp_client", "row_id": null, "action": "SEARCH", "search_text": "AX-VDFFE-098"}}, {"model": "DreamsApp.audit", "pk": 369, "fields": {"timestamp": "2016-07-14T09:18:40.372", "user_id": 7, "table": "DreamsApp_client", "row_id": 0, "action": "LOGIN", "search_text": "Login Successful for username: daviesray"}}, {"model": "DreamsApp.audit", "pk": 370, "fields": {"timestamp": "2016-07-14T09:23:17.641", "user_id": 7, "table": "DreamsApp_client", "row_id": 0, "action": "LOGIN", "search_text": "Login Successful for username: daviesray"}}, {"model": "DreamsApp.audit", "pk": 371, "fields": {"timestamp": "2016-07-14T09:23:28.889", "user_id": 8, "table": "DreamsApp_client", "row_id": 0, "action": "LOGIN", "search_text": "Login Successful for username: antony"}}, {"model": "DreamsApp.audit", "pk": 372, "fields": {"timestamp": "2016-07-14T09:26:43.070", "user_id": 8, "table": "DreamsApp_client", "row_id": 0, "action": "LOGIN", "search_text": "Login Successful for username: antony"}}, {"model": "DreamsApp.audit", "pk": 373, "fields": {"timestamp": "2016-07-14T09:27:11.636", "user_id": 7, "table": "DreamsApp_client", "row_id": 0, "action": "LOGIN", "search_text": "Login Successful for username: daviesray"}}, {"model": "DreamsApp.audit", "pk": 374, "fields": {"timestamp": "2016-07-14T09:27:47.056", "user_id": 8, "table": "DreamsApp_client", "row_id": 0, "action": "LOGIN", "search_text": "Login Successful for username: antony"}}, {"model": "DreamsApp.audit", "pk": 375, "fields": {"timestamp": "2016-07-14T09:27:53.794", "user_id": 8, "table": "DreamsApp_client", "row_id": null, "action": "SEARCH", "search_text": "AX-VDFFE-098"}}, {"model": "DreamsApp.audit", "pk": 376, "fields": {"timestamp": "2016-07-14T09:28:50.277", "user_id": 8, "table": "DreamsApp_client", "row_id": null, "action": "SEARCH", "search_text": "AX-VDFFE-098"}}, {"model": "DreamsApp.audit", "pk": 377, "fields": {"timestamp": "2016-07-14T09:30:37.735", "user_id": 8, "table": "DreamsApp_client", "row_id": 0, "action": "LOGIN", "search_text": "Login Successful for username: antony"}}, {"model": "DreamsApp.audit", "pk": 378, "fields": {"timestamp": "2016-07-14T09:33:32.320", "user_id": 7, "table": "DreamsApp_client", "row_id": 0, "action": "LOGIN", "search_text": "Login Successful for username: daviesray"}}, {"model": "DreamsApp.audit", "pk": 379, "fields": {"timestamp": "2016-07-14T09:37:45.806", "user_id": 7, "table": "DreamsApp_client", "row_id": null, "action": "SEARCH", "search_text": ""}}, {"model": "DreamsApp.audit", "pk": 380, "fields": {"timestamp": "2016-07-14T09:37:51.627", "user_id": 7, "table": "DreamsApp_client", "row_id": null, "action": "SEARCH", "search_text": "davies"}}, {"model": "DreamsApp.audit", "pk": 381, "fields": {"timestamp": "2016-07-14T09:37:52.567", "user_id": 7, "table": "DreamsApp_client", "row_id": null, "action": "SEARCH", "search_text": "davies"}}, {"model": "DreamsApp.audit", "pk": 382, "fields": {"timestamp": "2016-07-14T09:37:58.192", "user_id": 7, "table": "DreamsApp_client", "row_id": null, "action": "SEARCH", "search_text": "Davies"}}, {"model": "DreamsApp.audit", "pk": 383, "fields": {"timestamp": "2016-07-14T09:48:34.069", "user_id": 7, "table": "DreamsApp_client", "row_id": 0, "action": "LOGIN", "search_text": "Login Successful for username: daviesray"}}, {"model": "DreamsApp.audit", "pk": 384, "fields": {"timestamp": "2016-07-14T09:48:39.077", "user_id": 7, "table": "DreamsApp_client", "row_id": null, "action": "SEARCH", "search_text": "AX-VDFFE-098"}}, {"model": "DreamsApp.audit", "pk": 385, "fields": {"timestamp": "2016-07-14T09:57:36.738", "user_id": 7, "table": "DreamsApp_client", "row_id": null, "action": "SEARCH", "search_text": "AX-VDFFE-098"}}, {"model": "DreamsApp.audit", "pk": 386, "fields": {"timestamp": "2016-07-14T10:08:34.157", "user_id": 7, "table": "DreamsApp_client", "row_id": null, "action": "SEARCH", "search_text": "AX-VDFFE-098"}}, {"model": "DreamsApp.audit", "pk": 387, "fields": {"timestamp": "2016-07-14T10:08:37.514", "user_id": 7, "table": "DreamsApp_client", "row_id": null, "action": "SEARCH", "search_text": ""}}, {"model": "DreamsApp.audit", "pk": 388, "fields": {"timestamp": "2016-07-14T10:08:43.121", "user_id": 7, "table": "DreamsApp_client", "row_id": null, "action": "SEARCH", "search_text": "davies"}}, {"model": "DreamsApp.audit", "pk": 389, "fields": {"timestamp": "2016-07-14T10:08:43.947", "user_id": 7, "table": "DreamsApp_client", "row_id": null, "action": "SEARCH", "search_text": "davies"}}, {"model": "DreamsApp.audit", "pk": 390, "fields": {"timestamp": "2016-07-14T10:08:48.510", "user_id": 7, "table": "DreamsApp_client", "row_id": null, "action": "SEARCH", "search_text": "Davies"}}, {"model": "DreamsApp.audit", "pk": 391, "fields": {"timestamp": "2016-07-14T10:23:01.486", "user_id": 7, "table": "DreamsApp_client", "row_id": null, "action": "SEARCH", "search_text": "AX-VDFFE-098"}}, {"model": "DreamsApp.audit", "pk": 392, "fields": {"timestamp": "2016-07-14T10:24:13.929", "user_id": 7, "table": "DreamsApp_client", "row_id": null, "action": "SEARCH", "search_text": "AX-VDFFE-098"}}, {"model": "DreamsApp.audit", "pk": 393, "fields": {"timestamp": "2016-07-14T11:23:07.561", "user_id": 7, "table": "DreamsApp_client", "row_id": 0, "action": "LOGIN", "search_text": "Login Successful for username: daviesray"}}, {"model": "DreamsApp.audit", "pk": 394, "fields": {"timestamp": "2016-07-14T11:23:13.963", "user_id": 7, "table": "DreamsApp_client", "row_id": null, "action": "SEARCH", "search_text": "AX-VDFFE-098"}}, {"model": "DreamsApp.audit", "pk": 395, "fields": {"timestamp": "2016-07-15T05:15:45.115", "user_id": 7, "table": "DreamsApp_client", "row_id": 0, "action": "LOGIN", "search_text": "Login Successful for username: daviesray"}}, {"model": "DreamsApp.audit", "pk": 396, "fields": {"timestamp": "2016-07-15T05:50:26.453", "user_id": 7, "table": "DreamsApp_client", "row_id": null, "action": "SEARCH", "search_text": "AX-VDFFE-098"}}, {"model": "DreamsApp.audit", "pk": 397, "fields": {"timestamp": "2016-07-15T05:52:25.998", "user_id": 8, "table": "DreamsApp_client", "row_id": 0, "action": "LOGIN", "search_text": "Login Successful for username: antony"}}, {"model": "DreamsApp.audit", "pk": 398, "fields": {"timestamp": "2016-07-15T05:52:33.712", "user_id": 8, "table": "DreamsApp_client", "row_id": null, "action": "SEARCH", "search_text": "AX-VDFFE-098"}}, {"model": "DreamsApp.audit", "pk": 399, "fields": {"timestamp": "2016-07-15T06:18:24.231", "user_id": 8, "table": "DreamsApp_client", "row_id": 0, "action": "LOGIN", "search_text": "Login Successful for username: antony"}}, {"model": "DreamsApp.audit", "pk": 400, "fields": {"timestamp": "2016-07-15T09:21:19.423", "user_id": 7, "table": "DreamsApp_client", "row_id": 0, "action": "LOGIN", "search_text": "Login Successful for username: daviesray"}}, {"model": "DreamsApp.audit", "pk": 401, "fields": {"timestamp": "2016-07-15T09:27:11.769", "user_id": 8, "table": "DreamsApp_client", "row_id": 0, "action": "LOGIN", "search_text": "Login Successful for username: antony"}}, {"model": "DreamsApp.audit", "pk": 402, "fields": {"timestamp": "2016-07-15T09:28:41.656", "user_id": 7, "table": "DreamsApp_client", "row_id": 0, "action": "LOGIN", "search_text": "Login Successful for username: daviesray"}}, {"model": "DreamsApp.audit", "pk": 403, "fields": {"timestamp": "2016-07-15T09:35:06.576", "user_id": 8, "table": "DreamsApp_client", "row_id": 0, "action": "LOGIN", "search_text": "Login Successful for username: antony"}}, {"model": "DreamsApp.audit", "pk": 404, "fields": {"timestamp": "2016-07-15T09:35:27.316", "user_id": 9, "table": "DreamsApp_client", "row_id": 0, "action": "LOGIN", "search_text": "Login Successful for username: milton"}}, {"model": "DreamsApp.audit", "pk": 405, "fields": {"timestamp": "2016-07-15T10:02:08.577", "user_id": 7, "table": "DreamsApp_client", "row_id": 0, "action": "LOGIN", "search_text": "Login Successful for username: daviesray"}}, {"model": "DreamsApp.audit", "pk": 406, "fields": {"timestamp": "2016-07-15T11:43:38.703", "user_id": 9, "table": "DreamsApp_client", "row_id": 0, "action": "LOGIN", "search_text": "Login Successful for username: milton"}}, {"model": "DreamsApp.audit", "pk": 407, "fields": {"timestamp": "2016-07-15T12:57:24.406", "user_id": 7, "table": "DreamsApp_client", "row_id": 0, "action": "LOGIN", "search_text": "Login Successful for username: daviesray"}}, {"model": "DreamsApp.audit", "pk": 408, "fields": {"timestamp": "2016-07-18T04:37:31.742", "user_id": 7, "table": "DreamsApp_client", "row_id": null, "action": "SEARCH", "search_text": "AX-VDFFE-098"}}, {"model": "DreamsApp.audit", "pk": 409, "fields": {"timestamp": "2016-07-18T05:30:41.368", "user_id": 7, "table": "DreamsApp_client", "row_id": null, "action": "SEARCH", "search_text": "AX-VDFFE-098"}}, {"model": "DreamsApp.audit", "pk": 410, "fields": {"timestamp": "2016-07-18T06:39:41.102", "user_id": 9, "table": "DreamsApp_client", "row_id": 0, "action": "LOGIN", "search_text": "Login Successful for username: milton"}}, {"model": "DreamsApp.audit", "pk": 411, "fields": {"timestamp": "2016-07-18T06:46:58.767", "user_id": 7, "table": "DreamsApp_client", "row_id": 0, "action": "LOGIN", "search_text": "Login Successful for username: daviesray"}}, {"model": "DreamsApp.audit", "pk": 412, "fields": {"timestamp": "2016-07-18T07:32:59.339", "user_id": 9, "table": "DreamsApp_client", "row_id": 0, "action": "LOGIN", "search_text": "Login Successful for username: milton"}}, {"model": "DreamsApp.audit", "pk": 413, "fields": {"timestamp": "2016-07-18T08:23:48.216", "user_id": 7, "table": "DreamsApp_client", "row_id": 0, "action": "LOGIN", "search_text": "Login Successful for username: daviesray"}}, {"model": "DreamsApp.audit", "pk": 414, "fields": {"timestamp": "2016-07-18T08:26:32.127", "user_id": 9, "table": "DreamsApp_client", "row_id": 0, "action": "LOGIN", "search_text": "Login Successful for username: milton"}}, {"model": "DreamsApp.audit", "pk": 415, "fields": {"timestamp": "2016-07-18T09:54:28.329", "user_id": 7, "table": "DreamsApp_client", "row_id": 0, "action": "LOGIN", "search_text": "Login Successful for username: daviesray"}}, {"model": "DreamsApp.audit", "pk": 416, "fields": {"timestamp": "2016-07-19T05:28:19.830", "user_id": 9, "table": "DreamsApp_client", "row_id": 0, "action": "LOGIN", "search_text": "Login Successful for username: milton"}}, {"model": "DreamsApp.audit", "pk": 417, "fields": {"timestamp": "2016-07-19T07:28:53.932", "user_id": 7, "table": "DreamsApp_client", "row_id": 0, "action": "LOGIN", "search_text": "Login Successful for username: daviesray"}}, {"model": "DreamsApp.audit", "pk": 418, "fields": {"timestamp": "2016-07-19T07:30:13.836", "user_id": 7, "table": "DreamsApp_client", "row_id": null, "action": "SEARCH", "search_text": "AX-VDFFE-098"}}, {"model": "DreamsApp.audit", "pk": 419, "fields": {"timestamp": "2016-07-19T08:12:00.341", "user_id": 7, "table": "DreamsApp_client", "row_id": null, "action": "SEARCH", "search_text": "AX-VDFFE-098"}}, {"model": "DreamsApp.audit", "pk": 420, "fields": {"timestamp": "2016-07-19T08:45:16.761", "user_id": 7, "table": "DreamsApp_client", "row_id": null, "action": "SEARCH", "search_text": ""}}, {"model": "DreamsApp.audit", "pk": 421, "fields": {"timestamp": "2016-07-19T08:48:52.039", "user_id": 7, "table": "DreamsApp_client", "row_id": null, "action": "SEARCH", "search_text": ""}}, {"model": "DreamsApp.audit", "pk": 422, "fields": {"timestamp": "2016-07-19T08:48:53.631", "user_id": 7, "table": "DreamsApp_client", "row_id": null, "action": "SEARCH", "search_text": ""}}, {"model": "DreamsApp.audit", "pk": 423, "fields": {"timestamp": "2016-07-19T08:48:54.823", "user_id": 7, "table": "DreamsApp_client", "row_id": null, "action": "SEARCH", "search_text": ""}}, {"model": "DreamsApp.audit", "pk": 424, "fields": {"timestamp": "2016-07-19T08:48:55.240", "user_id": 7, "table": "DreamsApp_client", "row_id": null, "action": "SEARCH", "search_text": ""}}, {"model": "DreamsApp.audit", "pk": 425, "fields": {"timestamp": "2016-07-19T08:48:55.495", "user_id": 7, "table": "DreamsApp_client", "row_id": null, "action": "SEARCH", "search_text": ""}}, {"model": "DreamsApp.audit", "pk": 426, "fields": {"timestamp": "2016-07-19T08:48:55.719", "user_id": 7, "table": "DreamsApp_client", "row_id": null, "action": "SEARCH", "search_text": ""}}, {"model": "DreamsApp.audit", "pk": 427, "fields": {"timestamp": "2016-07-19T08:48:55.937", "user_id": 7, "table": "DreamsApp_client", "row_id": null, "action": "SEARCH", "search_text": ""}}, {"model": "DreamsApp.audit", "pk": 428, "fields": {"timestamp": "2016-07-19T08:48:56.136", "user_id": 7, "table": "DreamsApp_client", "row_id": null, "action": "SEARCH", "search_text": ""}}, {"model": "DreamsApp.audit", "pk": 429, "fields": {"timestamp": "2016-07-19T10:09:04.977", "user_id": 7, "table": "DreamsApp_client", "row_id": 0, "action": "LOGIN", "search_text": "Login Successful for username: daviesray"}}, {"model": "DreamsApp.audit", "pk": 430, "fields": {"timestamp": "2016-07-19T10:11:07.654", "user_id": 9, "table": "DreamsApp_client", "row_id": 0, "action": "LOGIN", "search_text": "Login Successful for username: milton"}}, {"model": "DreamsApp.audit", "pk": 431, "fields": {"timestamp": "2016-07-19T15:33:27.271", "user_id": 7, "table": "DreamsApp_client", "row_id": 0, "action": "LOGIN", "search_text": "Login Successful for username: daviesray"}}, {"model": "DreamsApp.audit", "pk": 432, "fields": {"timestamp": "2016-07-19T15:34:39.620", "user_id": 9, "table": "DreamsApp_client", "row_id": 0, "action": "LOGIN", "search_text": "Login Successful for username: milton"}}, {"model": "DreamsApp.audit", "pk": 433, "fields": {"timestamp": "2016-07-19T15:37:18.449", "user_id": 9, "table": "DreamsApp_client", "row_id": 0, "action": "LOGIN", "search_text": "Login Successful for username: milton"}}, {"model": "DreamsApp.audit", "pk": 434, "fields": {"timestamp": "2016-07-19T15:42:17.734", "user_id": 9, "table": "DreamsApp_client", "row_id": 0, "action": "LOGIN", "search_text": "Login Successful for username: milton"}}, {"model": "DreamsApp.audit", "pk": 435, "fields": {"timestamp": "2016-07-19T15:49:56.811", "user_id": 9, "table": "DreamsApp_client", "row_id": 0, "action": "LOGIN", "search_text": "Login Successful for username: milton"}}, {"model": "DreamsApp.audit", "pk": 436, "fields": {"timestamp": "2016-07-19T15:52:37.267", "user_id": 9, "table": "DreamsApp_client", "row_id": 0, "action": "LOGIN", "search_text": "Login Successful for username: milton"}}, {"model": "DreamsApp.audit", "pk": 437, "fields": {"timestamp": "2016-07-20T04:58:11.304", "user_id": 7, "table": "DreamsApp_client", "row_id": 0, "action": "LOGIN", "search_text": "Login Successful for username: daviesray"}}, {"model": "DreamsApp.audit", "pk": 438, "fields": {"timestamp": "2016-07-20T07:18:55.451", "user_id": 8, "table": "DreamsApp_client", "row_id": 0, "action": "LOGIN", "search_text": "Login Successful for username: antony"}}, {"model": "DreamsApp.audit", "pk": 439, "fields": {"timestamp": "2016-07-20T07:46:10.698", "user_id": 8, "table": "DreamsApp_client", "row_id": 0, "action": "LOGIN", "search_text": "Login Successful for username: antony"}}, {"model": "DreamsApp.audit", "pk": 440, "fields": {"timestamp": "2016-07-20T07:47:09.417", "user_id": 8, "table": "DreamsApp_client", "row_id": 0, "action": "LOGIN", "search_text": "Login Successful for username: antony"}}, {"model": "DreamsApp.audit", "pk": 441, "fields": {"timestamp": "2016-07-20T09:47:15.708", "user_id": 8, "table": "DreamsApp_client", "row_id": 0, "action": "LOGIN", "search_text": "Login Successful for username: antony"}}, {"model": "DreamsApp.audit", "pk": 442, "fields": {"timestamp": "2016-07-20T09:54:52.921", "user_id": 9, "table": "DreamsApp_client", "row_id": 0, "action": "LOGIN", "search_text": "Login Successful for username: milton"}}, {"model": "DreamsApp.audit", "pk": 443, "fields": {"timestamp": "2016-07-20T09:55:08.158", "user_id": 9, "table": "DreamsApp_client", "row_id": null, "action": "SEARCH", "search_text": "AX-VDFFE-098"}}, {"model": "DreamsApp.audit", "pk": 444, "fields": {"timestamp": "2016-07-20T09:55:20.697", "user_id": 8, "table": "DreamsApp_client", "row_id": 0, "action": "LOGIN", "search_text": "Login Successful for username: antony"}}, {"model": "DreamsApp.audit", "pk": 445, "fields": {"timestamp": "2016-07-20T09:57:00.021", "user_id": 8, "table": "DreamsApp_client", "row_id": 0, "action": "LOGIN", "search_text": "Login Successful for username: antony"}}, {"model": "DreamsApp.audit", "pk": 446, "fields": {"timestamp": "2016-07-20T09:59:36.422", "user_id": 7, "table": "DreamsApp_client", "row_id": 0, "action": "LOGIN", "search_text": "Login Successful for username: daviesray"}}, {"model": "DreamsApp.audit", "pk": 447, "fields": {"timestamp": "2016-07-20T10:12:09.640", "user_id": 8, "table": "DreamsApp_client", "row_id": null, "action": "SEARCH", "search_text": "AX-VDFFE-098"}}, {"model": "DreamsApp.audit", "pk": 448, "fields": {"timestamp": "2016-07-20T10:12:36.636", "user_id": 8, "table": "DreamsApp_client", "row_id": 0, "action": "LOGIN", "search_text": "Login Successful for username: antony"}}, {"model": "DreamsApp.audit", "pk": 449, "fields": {"timestamp": "2016-07-20T10:12:44.419", "user_id": 7, "table": "DreamsApp_client", "row_id": 0, "action": "LOGIN", "search_text": "Login Successful for username: daviesray"}}, {"model": "DreamsApp.audit", "pk": 450, "fields": {"timestamp": "2016-07-20T12:18:22.381", "user_id": 7, "table": "DreamsApp_client", "row_id": null, "action": "SEARCH", "search_text": ""}}, {"model": "DreamsApp.audit", "pk": 451, "fields": {"timestamp": "2016-07-21T04:54:08.570", "user_id": 7, "table": "DreamsApp_client", "row_id": 0, "action": "LOGIN", "search_text": "Login Successful for username: daviesray"}}, {"model": "DreamsApp.audit", "pk": 452, "fields": {"timestamp": "2016-07-21T04:54:15.312", "user_id": 7, "table": "DreamsApp_client", "row_id": null, "action": "SEARCH", "search_text": "AX-VDFFE-098"}}, {"model": "DreamsApp.audit", "pk": 453, "fields": {"timestamp": "2016-07-21T04:56:23.788", "user_id": 7, "table": "DreamsApp_client", "row_id": 41, "action": "INSERT", "search_text": null}}, {"model": "DreamsApp.audit", "pk": 454, "fields": {"timestamp": "2016-07-21T06:11:37.895", "user_id": 7, "table": "DreamsApp_client", "row_id": 0, "action": "LOGIN", "search_text": "Login Successful for username: daviesray"}}, {"model": "DreamsApp.audit", "pk": 455, "fields": {"timestamp": "2016-07-21T07:12:58.769", "user_id": 7, "table": "DreamsApp_client", "row_id": null, "action": "SEARCH", "search_text": "AX-VDFFE-098"}}, {"model": "DreamsApp.audit", "pk": 456, "fields": {"timestamp": "2016-07-21T07:24:10.127", "user_id": 7, "table": "DreamsApp_client", "row_id": null, "action": "SEARCH", "search_text": "AX-VDFFE-098"}}, {"model": "DreamsApp.audit", "pk": 457, "fields": {"timestamp": "2016-07-21T07:38:24.786", "user_id": 7, "table": "DreamsApp_client", "row_id": null, "action": "SEARCH", "search_text": "AX-VDFFE-098"}}, {"model": "DreamsApp.audit", "pk": 458, "fields": {"timestamp": "2016-07-21T08:14:54.198", "user_id": 7, "table": "DreamsApp_client", "row_id": 43, "action": "INSERT", "search_text": null}}, {"model": "DreamsApp.audit", "pk": 459, "fields": {"timestamp": "2016-07-21T08:14:58.160", "user_id": 7, "table": "DreamsApp_client", "row_id": 42, "action": "INSERT", "search_text": null}}, {"model": "DreamsApp.audit", "pk": 460, "fields": {"timestamp": "2016-07-21T08:15:13.901", "user_id": 7, "table": "DreamsApp_client", "row_id": null, "action": "SEARCH", "search_text": "ASDDSA"}}, {"model": "DreamsApp.audit", "pk": 461, "fields": {"timestamp": "2016-07-21T08:15:36.493", "user_id": 7, "table": "DreamsApp_client", "row_id": 43, "action": "DELETE", "search_text": "SUCCESS"}}, {"model": "DreamsApp.audit", "pk": 462, "fields": {"timestamp": "2016-07-21T08:15:40.172", "user_id": 7, "table": "DreamsApp_client", "row_id": null, "action": "SEARCH", "search_text": "ASDDSA"}}, {"model": "DreamsApp.audit", "pk": 463, "fields": {"timestamp": "2016-07-21T08:15:45.891", "user_id": 7, "table": "DreamsApp_client", "row_id": null, "action": "SEARCH", "search_text": ""}}, {"model": "DreamsApp.audit", "pk": 464, "fields": {"timestamp": "2016-07-21T08:15:52.416", "user_id": 7, "table": "DreamsApp_client", "row_id": null, "action": "SEARCH", "search_text": "ASDDSA"}}, {"model": "DreamsApp.audit", "pk": 465, "fields": {"timestamp": "2016-07-21T08:40:39.116", "user_id": 7, "table": "DreamsApp_intervention", "row_id": 28, "action": "INSERT", "search_text": null}}, {"model": "DreamsApp.audit", "pk": 466, "fields": {"timestamp": "2016-07-21T08:45:14.454", "user_id": 7, "table": "DreamsApp_intervention", "row_id": 28, "action": "DELETE", "search_text": null}}, {"model": "DreamsApp.audit", "pk": 467, "fields": {"timestamp": "2016-07-21T08:45:47.533", "user_id": 7, "table": "DreamsApp_intervention", "row_id": 29, "action": "INSERT", "search_text": null}}, {"model": "DreamsApp.audit", "pk": 468, "fields": {"timestamp": "2016-07-21T08:48:15.141", "user_id": 7, "table": "DreamsApp_client", "row_id": null, "action": "SEARCH", "search_text": "ASDDSA"}}, {"model": "DreamsApp.audit", "pk": 469, "fields": {"timestamp": "2016-07-21T08:51:31.346", "user_id": 7, "table": "DreamsApp_client", "row_id": null, "action": "SEARCH", "search_text": "ASDDSA"}}, {"model": "DreamsApp.audit", "pk": 470, "fields": {"timestamp": "2016-07-21T09:09:33.019", "user_id": 7, "table": "DreamsApp_client", "row_id": null, "action": "SEARCH", "search_text": "ASDDSA"}}, {"model": "DreamsApp.audit", "pk": 471, "fields": {"timestamp": "2016-07-21T09:19:38.987", "user_id": 7, "table": "DreamsApp_client", "row_id": null, "action": "SEARCH", "search_text": "ASDDSA"}}, {"model": "DreamsApp.audit", "pk": 472, "fields": {"timestamp": "2016-07-21T09:20:02.039", "user_id": 7, "table": "DreamsApp_client", "row_id": null, "action": "SEARCH", "search_text": "ASDDSA"}}, {"model": "DreamsApp.audit", "pk": 473, "fields": {"timestamp": "2016-07-21T09:21:55.173", "user_id": 7, "table": "DreamsApp_client", "row_id": null, "action": "SEARCH", "search_text": "ASDDSA"}}, {"model": "DreamsApp.audit", "pk": 474, "fields": {"timestamp": "2016-07-21T09:25:55.412", "user_id": 7, "table": "DreamsApp_client", "row_id": null, "action": "SEARCH", "search_text": "ASDDSA"}}, {"model": "DreamsApp.audit", "pk": 475, "fields": {"timestamp": "2016-07-21T09:25:59.221", "user_id": 7, "table": "DreamsApp_intervention", "row_id": 29, "action": "DELETE", "search_text": null}}, {"model": "DreamsApp.initapp", "pk": 1, "fields": {"timestamp": "2016-07-13T11:37:33.915", "inited": true}}]