[
{
  "model": "DreamsApp.implementingpartner",
  "pk": 13,
  "fields": {
    "code": 1,
    "name": "Afya Jijini"
  }
},
{
  "model": "DreamsApp.implementingpartner",
  "pk": 14,
  "fields": {
    "code": 2,
    "name": "AIHA"
  }
},
{
  "model": "DreamsApp.implementingpartner",
  "pk": 15,
  "fields": {
    "code": 3,
    "name": "Aphiaplus Western"
  }
},
{
  "model": "DreamsApp.implementingpartner",
  "pk": 16,
  "fields": {
    "code": 4,
    "name": "Global Communities"
  }
},
{
  "model": "DreamsApp.implementingpartner",
  "pk": 17,
  "fields": {
    "code": 5,
    "name": "Henry Jackson Foundation"
  }
},
{
  "model": "DreamsApp.implementingpartner",
  "pk": 18,
  "fields": {
    "code": 6,
    "name": "HWWK"
  }
},
{
  "model": "DreamsApp.implementingpartner",
  "pk": 19,
  "fields": {
    "code": 7,
    "name": "IMC"
  }
},
{
  "model": "DreamsApp.implementingpartner",
  "pk": 20,
  "fields": {
    "code": 8,
    "name": "IRDO"
  }
},
{
  "model": "DreamsApp.implementingpartner",
  "pk": 21,
  "fields": {
    "code": 9,
    "name": "LVCT Health"
  }
},
{
  "model": "DreamsApp.implementingpartner",
  "pk": 22,
  "fields": {
    "code": 10,
    "name": "Peace Corps"
  }
},
{
  "model": "DreamsApp.county",
  "pk": 1,
  "fields": {
    "code": "Nairobi",
    "name": "Nairobi"
  }
},
{
  "model": "DreamsApp.county",
  "pk": 2,
  "fields": {
    "code": "Kisumu",
    "name": "Kisumu"
  }
},
{
  "model": "DreamsApp.county",
  "pk": 3,
  "fields": {
    "code": "Homabay",
    "name": "Homabay"
  }
},
{
  "model": "DreamsApp.county",
  "pk": 4,
  "fields": {
    "code": "Siaya",
    "name": "Siaya"
  }
},
{
  "model": "DreamsApp.subcounty",
  "pk": 39,
  "fields": {
    "county": 4,
    "code": "Alego Usonga",
    "name": "Alego Usonga"
  }
},
{
  "model": "DreamsApp.subcounty",
  "pk": 40,
  "fields": {
    "county": 4,
    "code": "Bondo",
    "name": "Bondo"
  }
},
{
  "model": "DreamsApp.subcounty",
  "pk": 41,
  "fields": {
    "county": 4,
    "code": "Gem",
    "name": "Gem"
  }
},
{
  "model": "DreamsApp.subcounty",
  "pk": 42,
  "fields": {
    "county": 4,
    "code": "Rarieda",
    "name": "Rarieda"
  }
},
{
  "model": "DreamsApp.subcounty",
  "pk": 43,
  "fields": {
    "county": 4,
    "code": "Ugenya",
    "name": "Ugenya"
  }
},
{
  "model": "DreamsApp.subcounty",
  "pk": 44,
  "fields": {
    "county": 4,
    "code": "Ugunja",
    "name": "Ugunja"
  }
},
{
  "model": "DreamsApp.subcounty",
  "pk": 45,
  "fields": {
    "county": 1,
    "code": "Dagoretti North",
    "name": "Dagoretti North"
  }
},
{
  "model": "DreamsApp.subcounty",
  "pk": 46,
  "fields": {
    "county": 1,
    "code": "Dagoretti South",
    "name": "Dagoretti South"
  }
},
{
  "model": "DreamsApp.subcounty",
  "pk": 47,
  "fields": {
    "county": 1,
    "code": "Embakasi Central",
    "name": "Embakasi Central"
  }
},
{
  "model": "DreamsApp.subcounty",
  "pk": 48,
  "fields": {
    "county": 1,
    "code": "Embakasi East",
    "name": "Embakasi East"
  }
},
{
  "model": "DreamsApp.subcounty",
  "pk": 49,
  "fields": {
    "county": 1,
    "code": "Embakasi North",
    "name": "Embakasi North"
  }
},
{
  "model": "DreamsApp.subcounty",
  "pk": 50,
  "fields": {
    "county": 1,
    "code": "Embakasi South",
    "name": "Embakasi South"
  }
},
{
  "model": "DreamsApp.subcounty",
  "pk": 51,
  "fields": {
    "county": 1,
    "code": "Embakasi West",
    "name": "Embakasi West"
  }
},
{
  "model": "DreamsApp.subcounty",
  "pk": 52,
  "fields": {
    "county": 1,
    "code": "Kamukunji",
    "name": "Kamukunji"
  }
},
{
  "model": "DreamsApp.subcounty",
  "pk": 53,
  "fields": {
    "county": 1,
    "code": "Kasarani",
    "name": "Kasarani"
  }
},
{
  "model": "DreamsApp.subcounty",
  "pk": 54,
  "fields": {
    "county": 1,
    "code": "Kibra",
    "name": "Kibra"
  }
},
{
  "model": "DreamsApp.subcounty",
  "pk": 55,
  "fields": {
    "county": 1,
    "code": "Langata",
    "name": "Langata"
  }
},
{
  "model": "DreamsApp.subcounty",
  "pk": 56,
  "fields": {
    "county": 1,
    "code": "Makadara",
    "name": "Makadara"
  }
},
{
  "model": "DreamsApp.subcounty",
  "pk": 57,
  "fields": {
    "county": 1,
    "code": "Mathare",
    "name": "Mathare"
  }
},
{
  "model": "DreamsApp.subcounty",
  "pk": 58,
  "fields": {
    "county": 1,
    "code": "Ruaraka",
    "name": "Ruaraka"
  }
},
{
  "model": "DreamsApp.subcounty",
  "pk": 59,
  "fields": {
    "county": 1,
    "code": "Starehe",
    "name": "Starehe"
  }
},
{
  "model": "DreamsApp.subcounty",
  "pk": 60,
  "fields": {
    "county": 1,
    "code": "Westlands",
    "name": "Westlands"
  }
},
{
  "model": "DreamsApp.subcounty",
  "pk": 61,
  "fields": {
    "county": 3,
    "code": "Homa Bay Town",
    "name": "Homa Bay Town"
  }
},
{
  "model": "DreamsApp.subcounty",
  "pk": 62,
  "fields": {
    "county": 3,
    "code": "Kabondo Kasipul",
    "name": "Kabondo Kasipul"
  }
},
{
  "model": "DreamsApp.subcounty",
  "pk": 63,
  "fields": {
    "county": 3,
    "code": "Karachuonyo",
    "name": "Karachuonyo"
  }
},
{
  "model": "DreamsApp.subcounty",
  "pk": 64,
  "fields": {
    "county": 3,
    "code": "Kasipul",
    "name": "Kasipul"
  }
},
{
  "model": "DreamsApp.subcounty",
  "pk": 65,
  "fields": {
    "county": 3,
    "code": "Mbita",
    "name": "Mbita"
  }
},
{
  "model": "DreamsApp.subcounty",
  "pk": 66,
  "fields": {
    "county": 3,
    "code": "Ndhiwa",
    "name": "Ndhiwa"
  }
},
{
  "model": "DreamsApp.subcounty",
  "pk": 67,
  "fields": {
    "county": 3,
    "code": "Rangwe",
    "name": "Rangwe"
  }
},
{
  "model": "DreamsApp.subcounty",
  "pk": 68,
  "fields": {
    "county": 3,
    "code": "Suba",
    "name": "Suba"
  }
},
{
  "model": "DreamsApp.subcounty",
  "pk": 69,
  "fields": {
    "county": 2,
    "code": "Kisumu Central",
    "name": "Kisumu Central"
  }
},
{
  "model": "DreamsApp.subcounty",
  "pk": 70,
  "fields": {
    "county": 2,
    "code": "Kisumu East",
    "name": "Kisumu East"
  }
},
{
  "model": "DreamsApp.subcounty",
  "pk": 71,
  "fields": {
    "county": 2,
    "code": "Kisumu West",
    "name": "Kisumu West"
  }
},
{
  "model": "DreamsApp.subcounty",
  "pk": 72,
  "fields": {
    "county": 2,
    "code": "Muhoroni",
    "name": "Muhoroni"
  }
},
{
  "model": "DreamsApp.subcounty",
  "pk": 73,
  "fields": {
    "county": 2,
    "code": "Nyakach",
    "name": "Nyakach"
  }
},
{
  "model": "DreamsApp.subcounty",
  "pk": 74,
  "fields": {
    "county": 2,
    "code": "Nyando",
    "name": "Nyando"
  }
},
{
  "model": "DreamsApp.subcounty",
  "pk": 75,
  "fields": {
    "county": 2,
    "code": "Seme",
    "name": "Seme"
  }
},
{
  "model": "DreamsApp.subcounty",
  "pk": 76,
  "fields": {
    "county": 1,
    "code": "Roysambu",
    "name": "Roysambu"
  }
},
{
  "model": "DreamsApp.ward",
  "pk": 191,
  "fields": {
    "sub_county": 61,
    "code": "1242",
    "name": "Homa Bay Arujo"
  }
},
{
  "model": "DreamsApp.ward",
  "pk": 192,
  "fields": {
    "sub_county": 61,
    "code": "1241",
    "name": "Homa Bay Central"
  }
},
{
  "model": "DreamsApp.ward",
  "pk": 193,
  "fields": {
    "sub_county": 61,
    "code": "1244",
    "name": "Homa Bay East"
  }
},
{
  "model": "DreamsApp.ward",
  "pk": 194,
  "fields": {
    "sub_county": 61,
    "code": "1243",
    "name": "Homa Bay West"
  }
},
{
  "model": "DreamsApp.ward",
  "pk": 195,
  "fields": {
    "sub_county": 62,
    "code": "1226",
    "name": "Kabondo East"
  }
},
{
  "model": "DreamsApp.ward",
  "pk": 196,
  "fields": {
    "sub_county": 62,
    "code": "1227",
    "name": "Kabondo West"
  }
},
{
  "model": "DreamsApp.ward",
  "pk": 197,
  "fields": {
    "sub_county": 62,
    "code": "1229",
    "name": "Kojwach"
  }
},
{
  "model": "DreamsApp.ward",
  "pk": 198,
  "fields": {
    "sub_county": 62,
    "code": "1228",
    "name": "Kokwanyo/Kakelo"
  }
},
{
  "model": "DreamsApp.ward",
  "pk": 199,
  "fields": {
    "sub_county": 63,
    "code": "1232",
    "name": "Central"
  }
},
{
  "model": "DreamsApp.ward",
  "pk": 200,
  "fields": {
    "sub_county": 63,
    "code": "1233",
    "name": "Kanyaluo"
  }
},
{
  "model": "DreamsApp.ward",
  "pk": 201,
  "fields": {
    "sub_county": 63,
    "code": "1236",
    "name": "Kendu Bay Town"
  }
},
{
  "model": "DreamsApp.ward",
  "pk": 202,
  "fields": {
    "sub_county": 63,
    "code": "1234",
    "name": "Kibiri"
  }
},
{
  "model": "DreamsApp.ward",
  "pk": 203,
  "fields": {
    "sub_county": 63,
    "code": "1231",
    "name": "North Karachuonyo"
  }
},
{
  "model": "DreamsApp.ward",
  "pk": 204,
  "fields": {
    "sub_county": 63,
    "code": "1235",
    "name": "Wangchieng"
  }
},
{
  "model": "DreamsApp.ward",
  "pk": 205,
  "fields": {
    "sub_county": 63,
    "code": "1230",
    "name": "West Karachuonyo"
  }
},
{
  "model": "DreamsApp.ward",
  "pk": 206,
  "fields": {
    "sub_county": 64,
    "code": "1223",
    "name": "Central Kasipul"
  }
},
{
  "model": "DreamsApp.ward",
  "pk": 207,
  "fields": {
    "sub_county": 64,
    "code": "1224",
    "name": "East Kamagak"
  }
},
{
  "model": "DreamsApp.ward",
  "pk": 208,
  "fields": {
    "sub_county": 64,
    "code": "1222",
    "name": "South Kasipul"
  }
},
{
  "model": "DreamsApp.ward",
  "pk": 209,
  "fields": {
    "sub_county": 64,
    "code": "1225",
    "name": "West Kamagak"
  }
},
{
  "model": "DreamsApp.ward",
  "pk": 210,
  "fields": {
    "sub_county": 64,
    "code": "1221",
    "name": "West Kasipul"
  }
},
{
  "model": "DreamsApp.ward",
  "pk": 211,
  "fields": {
    "sub_county": 65,
    "code": "1255",
    "name": "Gembe"
  }
},
{
  "model": "DreamsApp.ward",
  "pk": 212,
  "fields": {
    "sub_county": 65,
    "code": "1254",
    "name": "Kasgunga"
  }
},
{
  "model": "DreamsApp.ward",
  "pk": 213,
  "fields": {
    "sub_county": 65,
    "code": "1256",
    "name": "Lambwe"
  }
},
{
  "model": "DreamsApp.ward",
  "pk": 214,
  "fields": {
    "sub_county": 65,
    "code": "1252",
    "name": "Mfangano Island"
  }
},
{
  "model": "DreamsApp.ward",
  "pk": 215,
  "fields": {
    "sub_county": 65,
    "code": "1253",
    "name": "Rusinga Island"
  }
},
{
  "model": "DreamsApp.ward",
  "pk": 216,
  "fields": {
    "sub_county": 66,
    "code": "1249",
    "name": "Kabuoch South/Pala"
  }
},
{
  "model": "DreamsApp.ward",
  "pk": 217,
  "fields": {
    "sub_county": 66,
    "code": "1246",
    "name": "Kanyadoto"
  }
},
{
  "model": "DreamsApp.ward",
  "pk": 218,
  "fields": {
    "sub_county": 66,
    "code": "1250",
    "name": "Kanyamwa Kologi"
  }
},
{
  "model": "DreamsApp.ward",
  "pk": 219,
  "fields": {
    "sub_county": 66,
    "code": "1251",
    "name": "Kanyamwa Kosewe"
  }
},
{
  "model": "DreamsApp.ward",
  "pk": 220,
  "fields": {
    "sub_county": 66,
    "code": "1247",
    "name": "Kanyikela"
  }
},
{
  "model": "DreamsApp.ward",
  "pk": 221,
  "fields": {
    "sub_county": 66,
    "code": "1245",
    "name": "Kwabwai"
  }
},
{
  "model": "DreamsApp.ward",
  "pk": 222,
  "fields": {
    "sub_county": 66,
    "code": "1248",
    "name": "North Kabuoch"
  }
},
{
  "model": "DreamsApp.ward",
  "pk": 223,
  "fields": {
    "sub_county": 67,
    "code": "1238",
    "name": "East Gem"
  }
},
{
  "model": "DreamsApp.ward",
  "pk": 224,
  "fields": {
    "sub_county": 67,
    "code": "1239",
    "name": "Kagan"
  }
},
{
  "model": "DreamsApp.ward",
  "pk": 225,
  "fields": {
    "sub_county": 67,
    "code": "1240",
    "name": "Kochia"
  }
},
{
  "model": "DreamsApp.ward",
  "pk": 226,
  "fields": {
    "sub_county": 67,
    "code": "1237",
    "name": "West Gem"
  }
},
{
  "model": "DreamsApp.ward",
  "pk": 227,
  "fields": {
    "sub_county": 68,
    "code": "1258",
    "name": "Gwassi North"
  }
},
{
  "model": "DreamsApp.ward",
  "pk": 228,
  "fields": {
    "sub_county": 68,
    "code": "1257",
    "name": "Gwassi South"
  }
},
{
  "model": "DreamsApp.ward",
  "pk": 229,
  "fields": {
    "sub_county": 68,
    "code": "1259",
    "name": "Kaksingri West"
  }
},
{
  "model": "DreamsApp.ward",
  "pk": 230,
  "fields": {
    "sub_county": 68,
    "code": "1260",
    "name": "Ruma Kaksingri East"
  }
},
{
  "model": "DreamsApp.ward",
  "pk": 231,
  "fields": {
    "sub_county": 69,
    "code": "1200",
    "name": "Kondele"
  }
},
{
  "model": "DreamsApp.ward",
  "pk": 232,
  "fields": {
    "sub_county": 69,
    "code": "1199",
    "name": "Market Milimani"
  }
},
{
  "model": "DreamsApp.ward",
  "pk": 233,
  "fields": {
    "sub_county": 69,
    "code": "1197",
    "name": "Migosi"
  }
},
{
  "model": "DreamsApp.ward",
  "pk": 234,
  "fields": {
    "sub_county": 68,
    "code": "1201",
    "name": "Nyalenda B"
  }
},
{
  "model": "DreamsApp.ward",
  "pk": 235,
  "fields": {
    "sub_county": 68,
    "code": "1196",
    "name": "Railways"
  }
},
{
  "model": "DreamsApp.ward",
  "pk": 236,
  "fields": {
    "sub_county": 69,
    "code": "1198",
    "name": "Shaurimoyo Kaloleni"
  }
},
{
  "model": "DreamsApp.ward",
  "pk": 237,
  "fields": {
    "sub_county": 70,
    "code": "1186",
    "name": "Kajulu"
  }
},
{
  "model": "DreamsApp.ward",
  "pk": 238,
  "fields": {
    "sub_county": 70,
    "code": "1190",
    "name": "Kolwa Central"
  }
},
{
  "model": "DreamsApp.ward",
  "pk": 239,
  "fields": {
    "sub_county": 70,
    "code": "1187",
    "name": "Kolwa East"
  }
},
{
  "model": "DreamsApp.ward",
  "pk": 240,
  "fields": {
    "sub_county": 70,
    "code": "1188",
    "name": "Manyatta 'B'"
  }
},
{
  "model": "DreamsApp.ward",
  "pk": 241,
  "fields": {
    "sub_county": 70,
    "code": "1189",
    "name": "Nyalenda 'A'"
  }
},
{
  "model": "DreamsApp.ward",
  "pk": 242,
  "fields": {
    "sub_county": 71,
    "code": "1192",
    "name": "Central Kisumu"
  }
},
{
  "model": "DreamsApp.ward",
  "pk": 243,
  "fields": {
    "sub_county": 71,
    "code": "1193",
    "name": "Kisumu North"
  }
},
{
  "model": "DreamsApp.ward",
  "pk": 244,
  "fields": {
    "sub_county": 71,
    "code": "1195",
    "name": "North West Kisumu"
  }
},
{
  "model": "DreamsApp.ward",
  "pk": 245,
  "fields": {
    "sub_county": 71,
    "code": "1191",
    "name": "South West Kisumu"
  }
},
{
  "model": "DreamsApp.ward",
  "pk": 246,
  "fields": {
    "sub_county": 71,
    "code": "1194",
    "name": "West Kisumu"
  }
},
{
  "model": "DreamsApp.ward",
  "pk": 247,
  "fields": {
    "sub_county": 72,
    "code": "1214",
    "name": "Chemelil"
  }
},
{
  "model": "DreamsApp.ward",
  "pk": 248,
  "fields": {
    "sub_county": 72,
    "code": "1213",
    "name": "Masogo/Nyang'Oma"
  }
},
{
  "model": "DreamsApp.ward",
  "pk": 249,
  "fields": {
    "sub_county": 72,
    "code": "1211",
    "name": "Miwani"
  }
},
{
  "model": "DreamsApp.ward",
  "pk": 250,
  "fields": {
    "sub_county": 72,
    "code": "1215",
    "name": "Muhoroni/Koru"
  }
},
{
  "model": "DreamsApp.ward",
  "pk": 251,
  "fields": {
    "sub_county": 72,
    "code": "1212",
    "name": "Ombeyi"
  }
},
{
  "model": "DreamsApp.ward",
  "pk": 252,
  "fields": {
    "sub_county": 73,
    "code": "1218",
    "name": "Central Nyakach"
  }
},
{
  "model": "DreamsApp.ward",
  "pk": 253,
  "fields": {
    "sub_county": 73,
    "code": "1217",
    "name": "North Nyakach"
  }
},
{
  "model": "DreamsApp.ward",
  "pk": 254,
  "fields": {
    "sub_county": 73,
    "code": "1220",
    "name": "South East Nyakach"
  }
},
{
  "model": "DreamsApp.ward",
  "pk": 255,
  "fields": {
    "sub_county": 73,
    "code": "1216",
    "name": "South West Nyakach"
  }
},
{
  "model": "DreamsApp.ward",
  "pk": 256,
  "fields": {
    "sub_county": 73,
    "code": "1219",
    "name": "West Nyakach"
  }
},
{
  "model": "DreamsApp.ward",
  "pk": 257,
  "fields": {
    "sub_county": 74,
    "code": "1208",
    "name": "Ahero"
  }
},
{
  "model": "DreamsApp.ward",
  "pk": 258,
  "fields": {
    "sub_county": 74,
    "code": "1207",
    "name": "Awasi/Onjikoi"
  }
},
{
  "model": "DreamsApp.ward",
  "pk": 259,
  "fields": {
    "sub_county": 74,
    "code": "1206",
    "name": "East Kano/Wawidhi"
  }
},
{
  "model": "DreamsApp.ward",
  "pk": 260,
  "fields": {
    "sub_county": 74,
    "code": "1209",
    "name": "Kabonyo/Kanyagwal"
  }
},
{
  "model": "DreamsApp.ward",
  "pk": 261,
  "fields": {
    "sub_county": 74,
    "code": "1210",
    "name": "Kobura"
  }
},
{
  "model": "DreamsApp.ward",
  "pk": 262,
  "fields": {
    "sub_county": 75,
    "code": "1203",
    "name": "Central Seme"
  }
},
{
  "model": "DreamsApp.ward",
  "pk": 263,
  "fields": {
    "sub_county": 75,
    "code": "1204",
    "name": "East Seme"
  }
},
{
  "model": "DreamsApp.ward",
  "pk": 264,
  "fields": {
    "sub_county": 75,
    "code": "1205",
    "name": "North Seme"
  }
},
{
  "model": "DreamsApp.ward",
  "pk": 265,
  "fields": {
    "sub_county": 75,
    "code": "1202",
    "name": "West Seme"
  }
},
{
  "model": "DreamsApp.ward",
  "pk": 266,
  "fields": {
    "sub_county": 45,
    "code": "1373",
    "name": "Gatina"
  }
},
{
  "model": "DreamsApp.ward",
  "pk": 267,
  "fields": {
    "sub_county": 45,
    "code": "1375",
    "name": "Kabiro"
  }
},
{
  "model": "DreamsApp.ward",
  "pk": 268,
  "fields": {
    "sub_county": 45,
    "code": "1372",
    "name": "Kawangware"
  }
},
{
  "model": "DreamsApp.ward",
  "pk": 269,
  "fields": {
    "sub_county": 45,
    "code": "1374",
    "name": "Kileleshwa"
  }
},
{
  "model": "DreamsApp.ward",
  "pk": 270,
  "fields": {
    "sub_county": 45,
    "code": "1371",
    "name": "Kilimani"
  }
},
{
  "model": "DreamsApp.ward",
  "pk": 271,
  "fields": {
    "sub_county": 46,
    "code": "1376",
    "name": "Mutuini"
  }
},
{
  "model": "DreamsApp.ward",
  "pk": 272,
  "fields": {
    "sub_county": 46,
    "code": "1377",
    "name": "Ngando"
  }
},
{
  "model": "DreamsApp.ward",
  "pk": 273,
  "fields": {
    "sub_county": 46,
    "code": "1378",
    "name": "Riruta"
  }
},
{
  "model": "DreamsApp.ward",
  "pk": 274,
  "fields": {
    "sub_county": 46,
    "code": "1379",
    "name": "Uthiru/Ruthimitu"
  }
},
{
  "model": "DreamsApp.ward",
  "pk": 275,
  "fields": {
    "sub_county": 46,
    "code": "1380",
    "name": "Waithaka"
  }
},
{
  "model": "DreamsApp.ward",
  "pk": 276,
  "fields": {
    "sub_county": 47,
    "code": "1417",
    "name": "Kayole Central"
  }
},
{
  "model": "DreamsApp.ward",
  "pk": 277,
  "fields": {
    "sub_county": 47,
    "code": "1416",
    "name": "Kayole North"
  }
},
{
  "model": "DreamsApp.ward",
  "pk": 278,
  "fields": {
    "sub_county": 47,
    "code": "1418",
    "name": "Kayole South"
  }
},
{
  "model": "DreamsApp.ward",
  "pk": 279,
  "fields": {
    "sub_county": 47,
    "code": "1419",
    "name": "Komarock"
  }
},
{
  "model": "DreamsApp.ward",
  "pk": 280,
  "fields": {
    "sub_county": 47,
    "code": "1420",
    "name": "Matopeni"
  }
},
{
  "model": "DreamsApp.ward",
  "pk": 281,
  "fields": {
    "sub_county": 48,
    "code": "1423",
    "name": "Embakasi"
  }
},
{
  "model": "DreamsApp.ward",
  "pk": 282,
  "fields": {
    "sub_county": 48,
    "code": "1422",
    "name": "Lower Savannah"
  }
},
{
  "model": "DreamsApp.ward",
  "pk": 283,
  "fields": {
    "sub_county": 48,
    "code": "1425",
    "name": "Mihango"
  }
},
{
  "model": "DreamsApp.ward",
  "pk": 284,
  "fields": {
    "sub_county": 48,
    "code": "1421",
    "name": "Upper Savannah"
  }
},
{
  "model": "DreamsApp.ward",
  "pk": 285,
  "fields": {
    "sub_county": 48,
    "code": "1424",
    "name": "Utawala"
  }
},
{
  "model": "DreamsApp.ward",
  "pk": 286,
  "fields": {
    "sub_county": 49,
    "code": "1412",
    "name": "Dandora Area I"
  }
},
{
  "model": "DreamsApp.ward",
  "pk": 287,
  "fields": {
    "sub_county": 49,
    "code": "1413",
    "name": "Dandora Area Ii"
  }
},
{
  "model": "DreamsApp.ward",
  "pk": 288,
  "fields": {
    "sub_county": 49,
    "code": "1414",
    "name": "Dandora Area Iii"
  }
},
{
  "model": "DreamsApp.ward",
  "pk": 289,
  "fields": {
    "sub_county": 49,
    "code": "1415",
    "name": "Dandora Area Iv"
  }
},
{
  "model": "DreamsApp.ward",
  "pk": 290,
  "fields": {
    "sub_county": 49,
    "code": "1411",
    "name": "Kariobangi North"
  }
},
{
  "model": "DreamsApp.ward",
  "pk": 291,
  "fields": {
    "sub_county": 50,
    "code": "1406",
    "name": "Imara Daima"
  }
},
{
  "model": "DreamsApp.ward",
  "pk": 292,
  "fields": {
    "sub_county": 50,
    "code": "1407",
    "name": "Kwa Njenga"
  }
},
{
  "model": "DreamsApp.ward",
  "pk": 293,
  "fields": {
    "sub_county": 50,
    "code": "1408",
    "name": "Kwa Reuben"
  }
},
{
  "model": "DreamsApp.ward",
  "pk": 294,
  "fields": {
    "sub_county": 50,
    "code": "1410",
    "name": "Kware"
  }
},
{
  "model": "DreamsApp.ward",
  "pk": 295,
  "fields": {
    "sub_county": 50,
    "code": "1409",
    "name": "Pipeline"
  }
},
{
  "model": "DreamsApp.ward",
  "pk": 296,
  "fields": {
    "sub_county": 51,
    "code": "1429",
    "name": "Kariobangi South"
  }
},
{
  "model": "DreamsApp.ward",
  "pk": 297,
  "fields": {
    "sub_county": 51,
    "code": "1428",
    "name": "Mowlem"
  }
},
{
  "model": "DreamsApp.ward",
  "pk": 298,
  "fields": {
    "sub_county": 51,
    "code": "1426",
    "name": "Umoja I"
  }
},
{
  "model": "DreamsApp.ward",
  "pk": 299,
  "fields": {
    "sub_county": 51,
    "code": "1427",
    "name": "Umoja Ii"
  }
},
{
  "model": "DreamsApp.ward",
  "pk": 300,
  "fields": {
    "sub_county": 52,
    "code": "1437",
    "name": "Airbase"
  }
},
{
  "model": "DreamsApp.ward",
  "pk": 301,
  "fields": {
    "sub_county": 52,
    "code": "1438",
    "name": "California"
  }
},
{
  "model": "DreamsApp.ward",
  "pk": 302,
  "fields": {
    "sub_county": 52,
    "code": "1435",
    "name": "Eastleigh North"
  }
},
{
  "model": "DreamsApp.ward",
  "pk": 303,
  "fields": {
    "sub_county": 52,
    "code": "1436",
    "name": "Eastleigh South"
  }
},
{
  "model": "DreamsApp.ward",
  "pk": 304,
  "fields": {
    "sub_county": 52,
    "code": "1434",
    "name": "Pumwani"
  }
},
{
  "model": "DreamsApp.ward",
  "pk": 305,
  "fields": {
    "sub_county": 53,
    "code": "1396",
    "name": "Claycity"
  }
},
{
  "model": "DreamsApp.ward",
  "pk": 306,
  "fields": {
    "sub_county": 53,
    "code": "1398",
    "name": "Kasarani"
  }
},
{
  "model": "DreamsApp.ward",
  "pk": 307,
  "fields": {
    "sub_county": 53,
    "code": "1397",
    "name": "Mwiki"
  }
},
{
  "model": "DreamsApp.ward",
  "pk": 308,
  "fields": {
    "sub_county": 53,
    "code": "1399",
    "name": "Njiru"
  }
},
{
  "model": "DreamsApp.ward",
  "pk": 309,
  "fields": {
    "sub_county": 53,
    "code": "1400",
    "name": "Ruai"
  }
},
{
  "model": "DreamsApp.ward",
  "pk": 310,
  "fields": {
    "sub_county": 54,
    "code": "1386",
    "name": "Laini Saba"
  }
},
{
  "model": "DreamsApp.ward",
  "pk": 311,
  "fields": {
    "sub_county": 54,
    "code": "1387",
    "name": "Lindi"
  }
},
{
  "model": "DreamsApp.ward",
  "pk": 312,
  "fields": {
    "sub_county": 54,
    "code": "1388",
    "name": "Makina"
  }
},
{
  "model": "DreamsApp.ward",
  "pk": 313,
  "fields": {
    "sub_county": 54,
    "code": "1390",
    "name": "Sarangombe"
  }
},
{
  "model": "DreamsApp.ward",
  "pk": 314,
  "fields": {
    "sub_county": 54,
    "code": "1389",
    "name": "Woodley/Kenyatta Golf"
  }
},
{
  "model": "DreamsApp.ward",
  "pk": 315,
  "fields": {
    "sub_county": 55,
    "code": "1381",
    "name": "Karen"
  }
},
{
  "model": "DreamsApp.ward",
  "pk": 316,
  "fields": {
    "sub_county": 55,
    "code": "1383",
    "name": "Mugumo-Ini"
  }
},
{
  "model": "DreamsApp.ward",
  "pk": 317,
  "fields": {
    "sub_county": 55,
    "code": "1382",
    "name": "Nairobi West"
  }
},
{
  "model": "DreamsApp.ward",
  "pk": 318,
  "fields": {
    "sub_county": 55,
    "code": "1385",
    "name": "Nyayo Highrise"
  }
},
{
  "model": "DreamsApp.ward",
  "pk": 319,
  "fields": {
    "sub_county": 55,
    "code": "1384",
    "name": "South-C"
  }
},
{
  "model": "DreamsApp.ward",
  "pk": 320,
  "fields": {
    "sub_county": 56,
    "code": "1432",
    "name": "Harambee"
  }
},
{
  "model": "DreamsApp.ward",
  "pk": 321,
  "fields": {
    "sub_county": 56,
    "code": "1433",
    "name": "Makongeni"
  }
},
{
  "model": "DreamsApp.ward",
  "pk": 322,
  "fields": {
    "sub_county": 56,
    "code": "1430",
    "name": "Maringo/Hamza"
  }
},
{
  "model": "DreamsApp.ward",
  "pk": 323,
  "fields": {
    "sub_county": 56,
    "code": "1431",
    "name": "Viwandani"
  }
},
{
  "model": "DreamsApp.ward",
  "pk": 324,
  "fields": {
    "sub_county": 57,
    "code": "1455",
    "name": "Hospital"
  }
},
{
  "model": "DreamsApp.ward",
  "pk": 325,
  "fields": {
    "sub_county": 57,
    "code": "1447",
    "name": "Huruma"
  }
},
{
  "model": "DreamsApp.ward",
  "pk": 326,
  "fields": {
    "sub_county": 57,
    "code": "1450",
    "name": "Kiamaiko"
  }
},
{
  "model": "DreamsApp.ward",
  "pk": 327,
  "fields": {
    "sub_county": 57,
    "code": "1446",
    "name": "Mabatini"
  }
},
{
  "model": "DreamsApp.ward",
  "pk": 328,
  "fields": {
    "sub_county": 57,
    "code": "1449",
    "name": "Mlango Kubwa"
  }
},
{
  "model": "DreamsApp.ward",
  "pk": 329,
  "fields": {
    "sub_county": 57,
    "code": "1448",
    "name": "Ngei"
  }
},
{
  "model": "DreamsApp.ward",
  "pk": 330,
  "fields": {
    "sub_county": 76,
    "code": "1391",
    "name": "Githurai"
  }
},
{
  "model": "DreamsApp.ward",
  "pk": 331,
  "fields": {
    "sub_county": 76,
    "code": "1395",
    "name": "Kahawa"
  }
},
{
  "model": "DreamsApp.ward",
  "pk": 332,
  "fields": {
    "sub_county": 76,
    "code": "1392",
    "name": "Kahawa West"
  }
},
{
  "model": "DreamsApp.ward",
  "pk": 333,
  "fields": {
    "sub_county": 76,
    "code": "1393",
    "name": "Zimmerman"
  }
},
{
  "model": "DreamsApp.ward",
  "pk": 334,
  "fields": {
    "sub_county": 58,
    "code": "1401",
    "name": "Baba Dogo"
  }
},
{
  "model": "DreamsApp.ward",
  "pk": 335,
  "fields": {
    "sub_county": 58,
    "code": "1405",
    "name": "Korogocho"
  }
},
{
  "model": "DreamsApp.ward",
  "pk": 336,
  "fields": {
    "sub_county": 58,
    "code": "1404",
    "name": "Lucky Summer"
  }
},
{
  "model": "DreamsApp.ward",
  "pk": 337,
  "fields": {
    "sub_county": 58,
    "code": "1403",
    "name": "Mathare North"
  }
},
{
  "model": "DreamsApp.ward",
  "pk": 338,
  "fields": {
    "sub_county": 58,
    "code": "1402",
    "name": "Utalii"
  }
},
{
  "model": "DreamsApp.ward",
  "pk": 339,
  "fields": {
    "sub_county": 59,
    "code": "1443",
    "name": "Landimawe"
  }
},
{
  "model": "DreamsApp.ward",
  "pk": 340,
  "fields": {
    "sub_county": 59,
    "code": "1439",
    "name": "Nairobi Central"
  }
},
{
  "model": "DreamsApp.ward",
  "pk": 341,
  "fields": {
    "sub_county": 59,
    "code": "1444",
    "name": "Nairobi South"
  }
},
{
  "model": "DreamsApp.ward",
  "pk": 342,
  "fields": {
    "sub_county": 59,
    "code": "1440",
    "name": "Ngara"
  }
},
{
  "model": "DreamsApp.ward",
  "pk": 343,
  "fields": {
    "sub_county": 59,
    "code": "1442",
    "name": "Pangani"
  }
},
{
  "model": "DreamsApp.ward",
  "pk": 344,
  "fields": {
    "sub_county": 59,
    "code": "1441",
    "name": "Ziwani/Kariokor"
  }
},
{
  "model": "DreamsApp.ward",
  "pk": 345,
  "fields": {
    "sub_county": 60,
    "code": "1369",
    "name": "Kangemi"
  }
},
{
  "model": "DreamsApp.ward",
  "pk": 346,
  "fields": {
    "sub_county": 60,
    "code": "1368",
    "name": "Karura"
  }
},
{
  "model": "DreamsApp.ward",
  "pk": 347,
  "fields": {
    "sub_county": 60,
    "code": "1366",
    "name": "Kitisuru"
  }
},
{
  "model": "DreamsApp.ward",
  "pk": 348,
  "fields": {
    "sub_county": 60,
    "code": "1370",
    "name": "Mountain View"
  }
},
{
  "model": "DreamsApp.ward",
  "pk": 349,
  "fields": {
    "sub_county": 60,
    "code": "1367",
    "name": "Parklands/Highridge"
  }
},
{
  "model": "DreamsApp.ward",
  "pk": 350,
  "fields": {
    "sub_county": 39,
    "code": "1165",
    "name": "Central Alego"
  }
},
{
  "model": "DreamsApp.ward",
  "pk": 351,
  "fields": {
    "sub_county": 39,
    "code": "1167",
    "name": "North Alego"
  }
},
{
  "model": "DreamsApp.ward",
  "pk": 352,
  "fields": {
    "sub_county": 39,
    "code": "1166",
    "name": "Siaya Township"
  }
},
{
  "model": "DreamsApp.ward",
  "pk": 353,
  "fields": {
    "sub_county": 39,
    "code": "1168",
    "name": "South East Alego"
  }
},
{
  "model": "DreamsApp.ward",
  "pk": 354,
  "fields": {
    "sub_county": 39,
    "code": "1163",
    "name": "Usonga"
  }
},
{
  "model": "DreamsApp.ward",
  "pk": 355,
  "fields": {
    "sub_county": 39,
    "code": "1164",
    "name": "West Alego"
  }
},
{
  "model": "DreamsApp.ward",
  "pk": 356,
  "fields": {
    "sub_county": 40,
    "code": "1176",
    "name": "Central Sakwa"
  }
},
{
  "model": "DreamsApp.ward",
  "pk": 357,
  "fields": {
    "sub_county": 40,
    "code": "1180",
    "name": "North Sakwa"
  }
},
{
  "model": "DreamsApp.ward",
  "pk": 358,
  "fields": {
    "sub_county": 40,
    "code": "1177",
    "name": "South Sakwa"
  }
},
{
  "model": "DreamsApp.ward",
  "pk": 359,
  "fields": {
    "sub_county": 40,
    "code": "1179",
    "name": "West Sakwa"
  }
},
{
  "model": "DreamsApp.ward",
  "pk": 360,
  "fields": {
    "sub_county": 40,
    "code": "1175",
    "name": "West Yimbo"
  }
},
{
  "model": "DreamsApp.ward",
  "pk": 361,
  "fields": {
    "sub_county": 40,
    "code": "1178",
    "name": "Yimbo East"
  }
},
{
  "model": "DreamsApp.ward",
  "pk": 362,
  "fields": {
    "sub_county": 41,
    "code": "1171",
    "name": "Central Gem"
  }
},
{
  "model": "DreamsApp.ward",
  "pk": 363,
  "fields": {
    "sub_county": 41,
    "code": "1173",
    "name": "East Gem"
  }
},
{
  "model": "DreamsApp.ward",
  "pk": 364,
  "fields": {
    "sub_county": 41,
    "code": "1169",
    "name": "North Gem"
  }
},
{
  "model": "DreamsApp.ward",
  "pk": 365,
  "fields": {
    "sub_county": 41,
    "code": "1174",
    "name": "South Gem"
  }
},
{
  "model": "DreamsApp.ward",
  "pk": 366,
  "fields": {
    "sub_county": 41,
    "code": "1170",
    "name": "West Gem"
  }
},
{
  "model": "DreamsApp.ward",
  "pk": 367,
  "fields": {
    "sub_county": 41,
    "code": "1172",
    "name": "Yala Township"
  }
},
{
  "model": "DreamsApp.ward",
  "pk": 368,
  "fields": {
    "sub_county": 42,
    "code": "1181",
    "name": "East Asembo"
  }
},
{
  "model": "DreamsApp.ward",
  "pk": 369,
  "fields": {
    "sub_county": 42,
    "code": "1183",
    "name": "North Uyoma"
  }
},
{
  "model": "DreamsApp.ward",
  "pk": 370,
  "fields": {
    "sub_county": 42,
    "code": "1184",
    "name": "South Uyoma"
  }
},
{
  "model": "DreamsApp.ward",
  "pk": 371,
  "fields": {
    "sub_county": 42,
    "code": "1182",
    "name": "West Asembo"
  }
},
{
  "model": "DreamsApp.ward",
  "pk": 372,
  "fields": {
    "sub_county": 42,
    "code": "1185",
    "name": "West Uyoma"
  }
},
{
  "model": "DreamsApp.ward",
  "pk": 373,
  "fields": {
    "sub_county": 43,
    "code": "1159",
    "name": "East Ugenya"
  }
},
{
  "model": "DreamsApp.ward",
  "pk": 374,
  "fields": {
    "sub_county": 43,
    "code": "1158",
    "name": "North Ugenya"
  }
},
{
  "model": "DreamsApp.ward",
  "pk": 375,
  "fields": {
    "sub_county": 43,
    "code": "1157",
    "name": "Ukwala"
  }
},
{
  "model": "DreamsApp.ward",
  "pk": 376,
  "fields": {
    "sub_county": 43,
    "code": "1156",
    "name": "West Ugenya"
  }
},
{
  "model": "DreamsApp.ward",
  "pk": 377,
  "fields": {
    "sub_county": 44,
    "code": "1160",
    "name": "Sidindi"
  }
},
{
  "model": "DreamsApp.ward",
  "pk": 378,
  "fields": {
    "sub_county": 44,
    "code": "1161",
    "name": "Sigomere"
  }
},
{
  "model": "DreamsApp.ward",
  "pk": 379,
  "fields": {
    "sub_county": 44,
    "code": "1162",
    "name": "Ugunja"
  }
},
{
  "model": "DreamsApp.maritalstatus",
  "pk": 5,
  "fields": {
    "code": "1",
    "name": "Single"
  }
},
{
  "model": "DreamsApp.maritalstatus",
  "pk": 6,
  "fields": {
    "code": "2",
    "name": "Married/Cohabiting"
  }
},
{
  "model": "DreamsApp.maritalstatus",
  "pk": 7,
  "fields": {
    "code": "3",
    "name": "Separated/Divorced"
  }
},
{
  "model": "DreamsApp.maritalstatus",
  "pk": 8,
  "fields": {
    "code": "4",
    "name": "Widowed"
  }
},
{
  "model": "DreamsApp.verificationdocument",
  "pk": 4,
  "fields": {
    "code": 1,
    "name": "Birth Certificate"
  }
},
{
  "model": "DreamsApp.verificationdocument",
  "pk": 5,
  "fields": {
    "code": 2,
    "name": "National ID"
  }
},
{
  "model": "DreamsApp.verificationdocument",
  "pk": 6,
  "fields": {
    "code": 3,
    "name": "National ID waiting card"
  }
}
]
