[
  {
    "model": "DreamsApp.interventiontype",
    "pk": 1,
    "fields": {
      "code": 1002,
      "name": "SHUGA II",
      "intervention_category": 1,
      "has_hts_result": false,
      "has_pregnancy_result": false,
      "has_ccc_number": false,
      "has_no_of_sessions": false
    }
  },
  {
    "model": "DreamsApp.interventiontype",
    "pk": 2,
    "fields": {
      "code": 1003,
      "name": "RESPECT-K",
      "intervention_category": 1,
      "has_hts_result": false,
      "has_pregnancy_result": false,
      "has_ccc_number": false,
      "has_no_of_sessions": false
    }
  },
  {
    "model": "DreamsApp.interventiontype",
    "pk": 3,
    "fields": {
      "code": 1004,
      "name": "HCBF",
      "intervention_category": 1,
      "has_hts_result": false,
      "has_pregnancy_result": false,
      "has_ccc_number": false,
      "has_no_of_sessions": false
    }
  },
  {
    "model": "DreamsApp.interventiontype",
    "pk": 4,
    "fields": {
      "code": 1005,
      "name": "MHMC",
      "intervention_category": 1,
      "has_hts_result": false,
      "has_pregnancy_result": false,
      "has_ccc_number": false,
      "has_no_of_sessions": false
    }
  },
  {
    "model": "DreamsApp.interventiontype",
    "pk": 5,
    "fields": {
      "code": 1006,
      "name": "SISTER TO SISTER-K",
      "intervention_category": 1,
      "has_hts_result": false,
      "has_pregnancy_result": false,
      "has_ccc_number": false,
      "has_no_of_sessions": false
    }
  },
  {
    "model": "DreamsApp.interventiontype",
    "pk": 6,
    "fields": {
      "code": 1007,
      "name": "MLRC",
      "intervention_category": 1,
      "has_hts_result": false,
      "has_pregnancy_result": false,
      "has_ccc_number": false,
      "has_no_of_sessions": false
    }
  },
  {
    "model": "DreamsApp.interventiontype",
    "pk": 7,
    "fields": {
      "code": 1008,
      "name": "OTHER",
      "intervention_category": 1,
      "has_hts_result": false,
      "has_pregnancy_result": false,
      "has_ccc_number": false,
      "has_no_of_sessions": false
    }
  },
  {
    "model": "DreamsApp.interventiontype",
    "pk": 8,
    "fields": {
      "code": 2002,
      "name": "HTS (Client)",
      "intervention_category": 2,
      "has_hts_result": true,
      "has_pregnancy_result": false,
      "has_ccc_number": false,
      "has_no_of_sessions": false
    }
  },
  {
    "model": "DreamsApp.interventiontype",
    "pk": 9,
    "fields": {
      "code": 2003,
      "name": "HTS (Partner)",
      "intervention_category": 2,
      "has_hts_result": true,
      "has_pregnancy_result": false,
      "has_ccc_number": false,
      "has_no_of_sessions": false
    }
  },
  {
    "model": "DreamsApp.interventiontype",
    "pk": 10,
    "fields": {
      "code": 2004,
      "name": "Linkage to CCC",
      "intervention_category": 2,
      "has_hts_result": false,
      "has_pregnancy_result": false,
      "has_ccc_number": true,
      "has_no_of_sessions": false
    }
  },
  {
    "model": "DreamsApp.interventiontype",
    "pk": 11,
    "fields": {
      "code": 2005,
      "name": "Pregnancy Test",
      "intervention_category": 2,
      "has_hts_result": false,
      "has_pregnancy_result": true,
      "has_ccc_number": false,
      "has_no_of_sessions": false
    }
  },
  {
    "model": "DreamsApp.interventiontype",
    "pk": 12,
    "fields": {
      "code": 2006,
      "name": "ANC/PMTCT",
      "intervention_category": 2,
      "has_hts_result": false,
      "has_pregnancy_result": false,
      "has_ccc_number": false,
      "has_no_of_sessions": false
    }
  },
  {
    "model": "DreamsApp.interventiontype",
    "pk": 13,
    "fields": {
      "code": 2007,
      "name": "STI Screening",
      "intervention_category": 2,
      "has_hts_result": false,
      "has_pregnancy_result": false,
      "has_ccc_number": false,
      "has_no_of_sessions": false
    }
  },
  {
    "model": "DreamsApp.interventiontype",
    "pk": 14,
    "fields": {
      "code": 2008,
      "name": "STI Treatment",
      "intervention_category": 2,
      "has_hts_result": false,
      "has_pregnancy_result": false,
      "has_ccc_number": false,
      "has_no_of_sessions": false
    }
  },
  {
    "model": "DreamsApp.interventiontype",
    "pk": 15,
    "fields": {
      "code": 2009,
      "name": "STI Linkage",
      "intervention_category": 2,
      "has_hts_result": false,
      "has_pregnancy_result": false,
      "has_ccc_number": false,
      "has_no_of_sessions": false
    }
  },
  {
    "model": "DreamsApp.interventiontype",
    "pk": 16,
    "fields": {
      "code": 2010,
      "name": "TB Screening",
      "intervention_category": 2,
      "has_hts_result": false,
      "has_pregnancy_result": false,
      "has_ccc_number": false,
      "has_no_of_sessions": false
    }
  },
  {
    "model": "DreamsApp.interventiontype",
    "pk": 17,
    "fields": {
      "code": 2011,
      "name": "Linked for TB Treatment",
      "intervention_category": 2,
      "has_hts_result": false,
      "has_pregnancy_result": false,
      "has_ccc_number": false,
      "has_no_of_sessions": false
    }
  },
  {
    "model": "DreamsApp.interventiontype",
    "pk": 18,
    "fields": {
      "code": 2012,
      "name": "Condom Education and Demo",
      "intervention_category": 2,
      "has_hts_result": false,
      "has_pregnancy_result": false,
      "has_ccc_number": false,
      "has_no_of_sessions": false
    }
  },
  {
    "model": "DreamsApp.interventiontype",
    "pk": 19,
    "fields": {
      "code": 2013,
      "name": "Condom Provided",
      "intervention_category": 2,
      "has_hts_result": false,
      "has_pregnancy_result": false,
      "has_ccc_number": false,
      "has_no_of_sessions": false
    }
  },
  {
    "model": "DreamsApp.interventiontype",
    "pk": 20,
    "fields": {
      "code": 2014,
      "name": "Partner VMMC",
      "intervention_category": 2,
      "has_hts_result": false,
      "has_pregnancy_result": false,
      "has_ccc_number": false,
      "has_no_of_sessions": false
    }
  },
  {
    "model": "DreamsApp.interventiontype",
    "pk": 21,
    "fields": {
      "code": 2015,
      "name": "Contraception Method Mix - Education/Info",
      "intervention_category": 2,
      "has_hts_result": false,
      "has_pregnancy_result": false,
      "has_ccc_number": false,
      "has_no_of_sessions": false
    }
  },
  {
    "model": "DreamsApp.interventiontype",
    "pk": 22,
    "fields": {
      "code": 2016,
      "name": "Contraception Method Mix - Individual Counselling",
      "intervention_category": 2,
      "has_hts_result": false,
      "has_pregnancy_result": false,
      "has_ccc_number": false,
      "has_no_of_sessions": false
    }
  },
  {
    "model": "DreamsApp.interventiontype",
    "pk": 23,
    "fields": {
      "code": 2017,
      "name": "Received Contraception-Pills/Oral",
      "intervention_category": 2,
      "has_hts_result": false,
      "has_pregnancy_result": false,
      "has_ccc_number": false,
      "has_no_of_sessions": false
    }
  },
  {
    "model": "DreamsApp.interventiontype",
    "pk": 24,
    "fields": {
      "code": 2018,
      "name": "Received Contraception-Injectable",
      "intervention_category": 2,
      "has_hts_result": false,
      "has_pregnancy_result": false,
      "has_ccc_number": false,
      "has_no_of_sessions": false
    }
  },
  {
    "model": "DreamsApp.interventiontype",
    "pk": 25,
    "fields": {
      "code": 2019,
      "name": "Received Contraception-Implant",
      "intervention_category": 2,
      "has_hts_result": false,
      "has_pregnancy_result": false,
      "has_ccc_number": false,
      "has_no_of_sessions": false
    }
  },
  {
    "model": "DreamsApp.interventiontype",
    "pk": 26,
    "fields": {
      "code": 2020,
      "name": "Received Contraception-IUD/Coil",
      "intervention_category": 2,
      "has_hts_result": false,
      "has_pregnancy_result": false,
      "has_ccc_number": false,
      "has_no_of_sessions": false
    }
  },
  {
    "model": "DreamsApp.interventiontype",
    "pk": 27,
    "fields": {
      "code": 2021,
      "name": "PreEP",
      "intervention_category": 2,
      "has_hts_result": false,
      "has_pregnancy_result": false,
      "has_ccc_number": false,
      "has_no_of_sessions": false
    }
  },
  {
    "model": "DreamsApp.interventiontype",
    "pk": 28,
    "fields": {
      "code": 3002,
      "name": "PEP",
      "intervention_category": 3,
      "has_hts_result": false,
      "has_pregnancy_result": false,
      "has_ccc_number": false,
      "has_no_of_sessions": false
    }
  },
  {
    "model": "DreamsApp.interventiontype",
    "pk": 29,
    "fields": {
      "code": 3003,
      "name": "PSS",
      "intervention_category": 3,
      "has_hts_result": false,
      "has_pregnancy_result": false,
      "has_ccc_number": false,
      "has_no_of_sessions": false
    }
  },
  {
    "model": "DreamsApp.interventiontype",
    "pk": 30,
    "fields": {
      "code": 3004,
      "name": "Rescue/Shelter",
      "intervention_category": 3,
      "has_hts_result": false,
      "has_pregnancy_result": false,
      "has_ccc_number": false,
      "has_no_of_sessions": false
    }
  },
  {
    "model": "DreamsApp.interventiontype",
    "pk": 31,
    "fields": {
      "code": 3005,
      "name": "Police",
      "intervention_category": 3,
      "has_hts_result": false,
      "has_pregnancy_result": false,
      "has_ccc_number": false,
      "has_no_of_sessions": false
    }
  },
  {
    "model": "DreamsApp.interventiontype",
    "pk": 32,
    "fields": {
      "code": 3006,
      "name": "Trauma Counseling",
      "intervention_category": 3,
      "has_hts_result": false,
      "has_pregnancy_result": false,
      "has_ccc_number": false,
      "has_no_of_sessions": false
    }
  },
  {
    "model": "DreamsApp.interventiontype",
    "pk": 33,
    "fields": {
      "code": 3007,
      "name": "Emergency Contraception",
      "intervention_category": 3,
      "has_hts_result": false,
      "has_pregnancy_result": false,
      "has_ccc_number": false,
      "has_no_of_sessions": false
    }
  },
  {
    "model": "DreamsApp.interventiontype",
    "pk": 34,
    "fields": {
      "code": 3008,
      "name": "Examination/Treatment of Injuries",
      "intervention_category": 3,
      "has_hts_result": false,
      "has_pregnancy_result": false,
      "has_ccc_number": false,
      "has_no_of_sessions": false
    }
  },
  {
    "model": "DreamsApp.interventiontype",
    "pk": 35,
    "fields": {
      "code": 4002,
      "name": "Education Support - School Fees",
      "intervention_category": 4,
      "has_hts_result": false,
      "has_pregnancy_result": false,
      "has_ccc_number": false,
      "has_no_of_sessions": false
    }
  },
  {
    "model": "DreamsApp.interventiontype",
    "pk": 36,
    "fields": {
      "code": 4003,
      "name": "Education Support - Stationery",
      "intervention_category": 4,
      "has_hts_result": false,
      "has_pregnancy_result": false,
      "has_ccc_number": false,
      "has_no_of_sessions": false
    }
  },
  {
    "model": "DreamsApp.interventiontype",
    "pk": 37,
    "fields": {
      "code": 4004,
      "name": "Education Support - Uniform",
      "intervention_category": 4,
      "has_hts_result": false,
      "has_pregnancy_result": false,
      "has_ccc_number": false,
      "has_no_of_sessions": false
    }
  },
  {
    "model": "DreamsApp.interventiontype",
    "pk": 38,
    "fields": {
      "code": 4005,
      "name": "Education Support - Other",
      "intervention_category": 4,
      "has_hts_result": false,
      "has_pregnancy_result": false,
      "has_ccc_number": false,
      "has_no_of_sessions": false
    }
  },
  {
    "model": "DreamsApp.interventiontype",
    "pk": 39,
    "fields": {
      "code": 4006,
      "name": "Parent/Caregiver Program - FMP",
      "intervention_category": 4,
      "has_hts_result": false,
      "has_pregnancy_result": false,
      "has_ccc_number": false,
      "has_no_of_sessions": false
    }
  },
  {
    "model": "DreamsApp.interventiontype",
    "pk": 40,
    "fields": {
      "code": 4007,
      "name": "Economic Strengthening - Entrepreneur/Financial Training",
      "intervention_category": 4,
      "has_hts_result": false,
      "has_pregnancy_result": false,
      "has_ccc_number": false,
      "has_no_of_sessions": false
    }
  },
  {
    "model": "DreamsApp.interventiontype",
    "pk": 41,
    "fields": {
      "code": 4008,
      "name": "Economic Strengthening - Vocational Training",
      "intervention_category": 4,
      "has_hts_result": false,
      "has_pregnancy_result": false,
      "has_ccc_number": false,
      "has_no_of_sessions": false
    }
  },
  {
    "model": "DreamsApp.interventiontype",
    "pk": 42,
    "fields": {
      "code": 4009,
      "name": "Economic Strengthening - Microfinance",
      "intervention_category": 4,
      "has_hts_result": false,
      "has_pregnancy_result": false,
      "has_ccc_number": false,
      "has_no_of_sessions": false
    }
  },
  {
    "model": "DreamsApp.interventiontype",
    "pk": 43,
    "fields": {
      "code": 4010,
      "name": "Economic Strengthening - Internship/Employment",
      "intervention_category": 4,
      "has_hts_result": false,
      "has_pregnancy_result": false,
      "has_ccc_number": false,
      "has_no_of_sessions": false
    }
  },
  {
    "model": "DreamsApp.interventiontype",
    "pk": 44,
    "fields": {
      "code": 4011,
      "name": "Economic Strengthening - Business Start up",
      "intervention_category": 4,
      "has_hts_result": false,
      "has_pregnancy_result": false,
      "has_ccc_number": false,
      "has_no_of_sessions": false
    }
  },
  {
    "model": "DreamsApp.interventiontype",
    "pk": 45,
    "fields": {
      "code": 5002,
      "name": "Cash Transfer",
      "intervention_category": 5,
      "has_hts_result": false,
      "has_pregnancy_result": false,
      "has_ccc_number": false,
      "has_no_of_sessions": false
    }
  },
  {
    "model": "DreamsApp.interventiontype",
    "pk": 46,
    "fields": {
      "code": 5003,
      "name": "OVC for Children/Siblings/Other",
      "intervention_category": 5,
      "has_hts_result": false,
      "has_pregnancy_result": false,
      "has_ccc_number": false,
      "has_no_of_sessions": false
    }
  },
  {
    "model": "DreamsApp.interventiontype",
    "pk": 47,
    "fields": {
      "code": 5004,
      "name": "Nutritional Support",
      "intervention_category": 5,
      "has_hts_result": false,
      "has_pregnancy_result": false,
      "has_ccc_number": false,
      "has_no_of_sessions": false
    }
  },
  {
    "model": "DreamsApp.interventiontype",
    "pk": 48,
    "fields": {
      "code": 5005,
      "name": "Drug and Alcohol Addition Counseling",
      "intervention_category": 5,
      "has_hts_result": false,
      "has_pregnancy_result": false,
      "has_ccc_number": false,
      "has_no_of_sessions": false
    }
  },
  {
    "model": "DreamsApp.interventiontype",
    "pk": 49,
    "fields": {
      "code": 5006,
      "name": "Social Asset Building - Number of Sessions Attended",
      "intervention_category": 5,
      "has_hts_result": false,
      "has_pregnancy_result": false,
      "has_ccc_number": false,
      "has_no_of_sessions": true
    }
  },
  {
    "model": "DreamsApp.interventioncategory",
    "pk": 1,
    "fields": {
      "code": 1001,
      "name": "BEHAVIORAL"
    }
  },
  {
    "model": "DreamsApp.interventioncategory",
    "pk": 2,
    "fields": {
      "code": 2001,
      "name": "BIO-MEDICAL"
    }
  },
  {
    "model": "DreamsApp.interventioncategory",
    "pk": 3,
    "fields": {
      "code": 3001,
      "name": "POST-GBV CARE"
    }
  },
  {
    "model": "DreamsApp.interventioncategory",
    "pk": 4,
    "fields": {
      "code": 4001,
      "name": "SOCIAL PROTECTION"
    }
  },
  {
    "model": "DreamsApp.interventioncategory",
    "pk": 5,
    "fields": {
      "code": 5001,
      "name": "OTHER INTERVENTIONS"
    }
  },
  {
    "model": "DreamsApp.htsresult",
    "pk": 1,
    "fields": {
      "code": 201,
      "name": "Negative"
    }
  },
  {
    "model": "DreamsApp.htsresult",
    "pk": 2,
    "fields": {
      "code": 202,
      "name": "Positive"
    }
  },
  {
    "model": "DreamsApp.htsresult",
    "pk": 3,
    "fields": {
      "code": 203,
      "name": "Known Positive"
    }
  },
  {
    "model": "DreamsApp.htsresult",
    "pk": 4,
    "fields": {
      "code": 204,
      "name": "Linked to HTS"
    }
  },
  {
    "model": "DreamsApp.pregnancytestresult",
    "pk": 1,
    "fields": {
      "code": 101,
      "name": "Negative"
    }
  },
  {
    "model": "DreamsApp.pregnancytestresult",
    "pk": 2,
    "fields": {
      "code": 102,
      "name": "Positive"
    }
  },
  {
    "model": "DreamsApp.pregnancytestresult",
    "pk": 3,
    "fields": {
      "code": 103,
      "name": "Confirmed Linkage"
    }
  }
]
