[{"model": "DreamsApp.maritalstatus", "pk": 1, "fields": {"code": "1", "name": "Single"}}, {"model": "DreamsApp.maritalstatus", "pk": 2, "fields": {"code": "2", "name": "Married/Cohabiting"}}, {"model": "DreamsApp.maritalstatus", "pk": 3, "fields": {"code": "3", "name": "Separated/Divorced"}}, {"model": "DreamsApp.maritalstatus", "pk": 4, "fields": {"code": "4", "name": "Widowed"}}, {"model": "DreamsApp.county", "pk": 1, "fields": {"code": "Nairobi", "name": "Nairobi"}}, {"model": "DreamsApp.county", "pk": 2, "fields": {"code": "Kisumu", "name": "Kisumu"}}, {"model": "DreamsApp.county", "pk": 3, "fields": {"code": "Homabay", "name": "Homabay"}}, {"model": "DreamsApp.county", "pk": 4, "fields": {"code": "Siaya", "name": "Siaya"}}, {"model": "DreamsApp.subcounty", "pk": 39, "fields": {"county": 4, "code": "Alego Usonga", "name": "Alego Usonga"}}, {"model": "DreamsApp.subcounty", "pk": 40, "fields": {"county": 4, "code": "Bondo", "name": "Bondo"}}, {"model": "DreamsApp.subcounty", "pk": 41, "fields": {"county": 4, "code": "Gem", "name": "Gem"}}, {"model": "DreamsApp.subcounty", "pk": 42, "fields": {"county": 4, "code": "Rarieda", "name": "Rarieda"}}, {"model": "DreamsApp.subcounty", "pk": 43, "fields": {"county": 4, "code": "Ugenya", "name": "Ugenya"}}, {"model": "DreamsApp.subcounty", "pk": 44, "fields": {"county": 4, "code": "Ugunja", "name": "Ugunja"}}, {"model": "DreamsApp.subcounty", "pk": 45, "fields": {"county": 1, "code": "Dagoretti North", "name": "Dagoretti North"}}, {"model": "DreamsApp.subcounty", "pk": 46, "fields": {"county": 1, "code": "Dagoretti South", "name": "Dagoretti South"}}, {"model": "DreamsApp.subcounty", "pk": 47, "fields": {"county": 1, "code": "Embakasi Central", "name": "Embakasi Central"}}, {"model": "DreamsApp.subcounty", "pk": 48, "fields": {"county": 1, "code": "Embakasi East", "name": "Embakasi East"}}, {"model": "DreamsApp.subcounty", "pk": 49, "fields": {"county": 1, "code": "Embakasi North", "name": "Embakasi North"}}, {"model": "DreamsApp.subcounty", "pk": 50, "fields": {"county": 1, "code": "Embakasi South", "name": "Embakasi South"}}, {"model": "DreamsApp.subcounty", "pk": 51, "fields": {"county": 1, "code": "Embakasi West", "name": "Embakasi West"}}, {"model": "DreamsApp.subcounty", "pk": 52, "fields": {"county": 1, "code": "Kamukunji", "name": "Kamukunji"}}, {"model": "DreamsApp.subcounty", "pk": 53, "fields": {"county": 1, "code": "Kasarani", "name": "Kasarani"}}, {"model": "DreamsApp.subcounty", "pk": 54, "fields": {"county": 1, "code": "Kibra", "name": "Kibra"}}, {"model": "DreamsApp.subcounty", "pk": 55, "fields": {"county": 1, "code": "Langata", "name": "Langata"}}, {"model": "DreamsApp.subcounty", "pk": 56, "fields": {"county": 1, "code": "Makadara", "name": "Makadara"}}, {"model": "DreamsApp.subcounty", "pk": 57, "fields": {"county": 1, "code": "Mathare", "name": "Mathare"}}, {"model": "DreamsApp.subcounty", "pk": 58, "fields": {"county": 1, "code": "Ruaraka", "name": "Ruaraka"}}, {"model": "DreamsApp.subcounty", "pk": 59, "fields": {"county": 1, "code": "Starehe", "name": "Starehe"}}, {"model": "DreamsApp.subcounty", "pk": 60, "fields": {"county": 1, "code": "Westlands", "name": "Westlands"}}, {"model": "DreamsApp.subcounty", "pk": 61, "fields": {"county": 3, "code": "Homa Bay Town", "name": "Homa Bay Town"}}, {"model": "DreamsApp.subcounty", "pk": 62, "fields": {"county": 3, "code": "Kabondo Kasipul", "name": "Kabondo Kasipul"}}, {"model": "DreamsApp.subcounty", "pk": 63, "fields": {"county": 3, "code": "Karachuonyo", "name": "Karachuonyo"}}, {"model": "DreamsApp.subcounty", "pk": 64, "fields": {"county": 3, "code": "Kasipul", "name": "Kasipul"}}, {"model": "DreamsApp.subcounty", "pk": 65, "fields": {"county": 3, "code": "Mbita", "name": "Mbita"}}, {"model": "DreamsApp.subcounty", "pk": 66, "fields": {"county": 3, "code": "Ndhiwa", "name": "Ndhiwa"}}, {"model": "DreamsApp.subcounty", "pk": 67, "fields": {"county": 3, "code": "Rangwe", "name": "Rangwe"}}, {"model": "DreamsApp.subcounty", "pk": 68, "fields": {"county": 3, "code": "Suba", "name": "Suba"}}, {"model": "DreamsApp.subcounty", "pk": 69, "fields": {"county": 2, "code": "Kisumu Central", "name": "Kisumu Central"}}, {"model": "DreamsApp.subcounty", "pk": 70, "fields": {"county": 2, "code": "Kisumu East", "name": "Kisumu East"}}, {"model": "DreamsApp.subcounty", "pk": 71, "fields": {"county": 2, "code": "Kisumu West", "name": "Kisumu West"}}, {"model": "DreamsApp.subcounty", "pk": 72, "fields": {"county": 2, "code": "Muhoroni", "name": "Muhoroni"}}, {"model": "DreamsApp.subcounty", "pk": 73, "fields": {"county": 2, "code": "Nyakach", "name": "Nyakach"}}, {"model": "DreamsApp.subcounty", "pk": 74, "fields": {"county": 2, "code": "Nyando", "name": "Nyando"}}, {"model": "DreamsApp.subcounty", "pk": 75, "fields": {"county": 2, "code": "Seme", "name": "Seme"}}, {"model": "DreamsApp.subcounty", "pk": 76, "fields": {"county": 1, "code": "Roysambu", "name": "Roysambu"}}, {"model": "DreamsApp.ward", "pk": 1156, "fields": {"sub_county": 43, "code": "1156", "name": "West Ugenya"}}, {"model": "DreamsApp.ward", "pk": 1157, "fields": {"sub_county": 43, "code": "1157", "name": "Ukwala"}}, {"model": "DreamsApp.ward", "pk": 1158, "fields": {"sub_county": 43, "code": "1158", "name": "North Ugenya"}}, {"model": "DreamsApp.ward", "pk": 1159, "fields": {"sub_county": 43, "code": "1159", "name": "East Ugenya"}}, {"model": "DreamsApp.ward", "pk": 1160, "fields": {"sub_county": 44, "code": "1160", "name": "Sidindi"}}, {"model": "DreamsApp.ward", "pk": 1161, "fields": {"sub_county": 44, "code": "1161", "name": "Sigomere"}}, {"model": "DreamsApp.ward", "pk": 1162, "fields": {"sub_county": 44, "code": "1162", "name": "Ugunja"}}, {"model": "DreamsApp.ward", "pk": 1163, "fields": {"sub_county": 39, "code": "1163", "name": "Usonga"}}, {"model": "DreamsApp.ward", "pk": 1164, "fields": {"sub_county": 39, "code": "1164", "name": "West Alego"}}, {"model": "DreamsApp.ward", "pk": 1165, "fields": {"sub_county": 39, "code": "1165", "name": "Central Alego"}}, {"model": "DreamsApp.ward", "pk": 1166, "fields": {"sub_county": 39, "code": "1166", "name": "Siaya Township"}}, {"model": "DreamsApp.ward", "pk": 1167, "fields": {"sub_county": 39, "code": "1167", "name": "North Alego"}}, {"model": "DreamsApp.ward", "pk": 1168, "fields": {"sub_county": 39, "code": "1168", "name": "South East Alego"}}, {"model": "DreamsApp.ward", "pk": 1169, "fields": {"sub_county": 41, "code": "1169", "name": "North Gem"}}, {"model": "DreamsApp.ward", "pk": 1170, "fields": {"sub_county": 41, "code": "1170", "name": "West Gem"}}, {"model": "DreamsApp.ward", "pk": 1171, "fields": {"sub_county": 41, "code": "1171", "name": "Central Gem"}}, {"model": "DreamsApp.ward", "pk": 1172, "fields": {"sub_county": 41, "code": "1172", "name": "Yala Township"}}, {"model": "DreamsApp.ward", "pk": 1173, "fields": {"sub_county": 41, "code": "1173", "name": "East Gem"}}, {"model": "DreamsApp.ward", "pk": 1174, "fields": {"sub_county": 41, "code": "1174", "name": "South Gem"}}, {"model": "DreamsApp.ward", "pk": 1175, "fields": {"sub_county": 40, "code": "1175", "name": "West Yimbo"}}, {"model": "DreamsApp.ward", "pk": 1176, "fields": {"sub_county": 40, "code": "1176", "name": "Central Sakwa"}}, {"model": "DreamsApp.ward", "pk": 1177, "fields": {"sub_county": 40, "code": "1177", "name": "South Sakwa"}}, {"model": "DreamsApp.ward", "pk": 1178, "fields": {"sub_county": 40, "code": "1178", "name": "Yimbo East"}}, {"model": "DreamsApp.ward", "pk": 1179, "fields": {"sub_county": 40, "code": "1179", "name": "West Sakwa"}}, {"model": "DreamsApp.ward", "pk": 1180, "fields": {"sub_county": 40, "code": "1180", "name": "North Sakwa"}}, {"model": "DreamsApp.ward", "pk": 1181, "fields": {"sub_county": 42, "code": "1181", "name": "East Asembo"}}, {"model": "DreamsApp.ward", "pk": 1182, "fields": {"sub_county": 42, "code": "1182", "name": "West Asembo"}}, {"model": "DreamsApp.ward", "pk": 1183, "fields": {"sub_county": 42, "code": "1183", "name": "North Uyoma"}}, {"model": "DreamsApp.ward", "pk": 1184, "fields": {"sub_county": 42, "code": "1184", "name": "South Uyoma"}}, {"model": "DreamsApp.ward", "pk": 1185, "fields": {"sub_county": 42, "code": "1185", "name": "West Uyoma"}}, {"model": "DreamsApp.ward", "pk": 1186, "fields": {"sub_county": 70, "code": "1186", "name": "Kajulu"}}, {"model": "DreamsApp.ward", "pk": 1187, "fields": {"sub_county": 70, "code": "1187", "name": "Kolwa East"}}, {"model": "DreamsApp.ward", "pk": 1188, "fields": {"sub_county": 70, "code": "1188", "name": "Manyatta 'B'"}}, {"model": "DreamsApp.ward", "pk": 1189, "fields": {"sub_county": 70, "code": "1189", "name": "Nyalenda 'A'"}}, {"model": "DreamsApp.ward", "pk": 1190, "fields": {"sub_county": 70, "code": "1190", "name": "Kolwa Central"}}, {"model": "DreamsApp.ward", "pk": 1191, "fields": {"sub_county": 71, "code": "1191", "name": "South West Kisumu"}}, {"model": "DreamsApp.ward", "pk": 1192, "fields": {"sub_county": 71, "code": "1192", "name": "Central Kisumu"}}, {"model": "DreamsApp.ward", "pk": 1193, "fields": {"sub_county": 71, "code": "1193", "name": "Kisumu North"}}, {"model": "DreamsApp.ward", "pk": 1194, "fields": {"sub_county": 71, "code": "1194", "name": "West Kisumu"}}, {"model": "DreamsApp.ward", "pk": 1195, "fields": {"sub_county": 71, "code": "1195", "name": "North West Kisumu"}}, {"model": "DreamsApp.ward", "pk": 1196, "fields": {"sub_county": 68, "code": "1196", "name": "Railways"}}, {"model": "DreamsApp.ward", "pk": 1197, "fields": {"sub_county": 69, "code": "1197", "name": "Migosi"}}, {"model": "DreamsApp.ward", "pk": 1198, "fields": {"sub_county": 69, "code": "1198", "name": "Shaurimoyo Kaloleni"}}, {"model": "DreamsApp.ward", "pk": 1199, "fields": {"sub_county": 69, "code": "1199", "name": "Market Milimani"}}, {"model": "DreamsApp.ward", "pk": 1200, "fields": {"sub_county": 69, "code": "1200", "name": "Kondele"}}, {"model": "DreamsApp.ward", "pk": 1201, "fields": {"sub_county": 68, "code": "1201", "name": "Nyalenda B"}}, {"model": "DreamsApp.ward", "pk": 1202, "fields": {"sub_county": 75, "code": "1202", "name": "West Seme"}}, {"model": "DreamsApp.ward", "pk": 1203, "fields": {"sub_county": 75, "code": "1203", "name": "Central Seme"}}, {"model": "DreamsApp.ward", "pk": 1204, "fields": {"sub_county": 75, "code": "1204", "name": "East Seme"}}, {"model": "DreamsApp.ward", "pk": 1205, "fields": {"sub_county": 75, "code": "1205", "name": "North Seme"}}, {"model": "DreamsApp.ward", "pk": 1206, "fields": {"sub_county": 74, "code": "1206", "name": "East Kano/Wawidhi"}}, {"model": "DreamsApp.ward", "pk": 1207, "fields": {"sub_county": 74, "code": "1207", "name": "Awasi/Onjikoi"}}, {"model": "DreamsApp.ward", "pk": 1208, "fields": {"sub_county": 74, "code": "1208", "name": "Ahero"}}, {"model": "DreamsApp.ward", "pk": 1209, "fields": {"sub_county": 74, "code": "1209", "name": "Kabonyo/Kanyagwal"}}, {"model": "DreamsApp.ward", "pk": 1210, "fields": {"sub_county": 74, "code": "1210", "name": "Kobura"}}, {"model": "DreamsApp.ward", "pk": 1211, "fields": {"sub_county": 72, "code": "1211", "name": "Miwani"}}, {"model": "DreamsApp.ward", "pk": 1212, "fields": {"sub_county": 72, "code": "1212", "name": "Ombeyi"}}, {"model": "DreamsApp.ward", "pk": 1213, "fields": {"sub_county": 72, "code": "1213", "name": "Masogo/Nyang'Oma"}}, {"model": "DreamsApp.ward", "pk": 1214, "fields": {"sub_county": 72, "code": "1214", "name": "Chemelil"}}, {"model": "DreamsApp.ward", "pk": 1215, "fields": {"sub_county": 72, "code": "1215", "name": "Muhoroni/Koru"}}, {"model": "DreamsApp.ward", "pk": 1216, "fields": {"sub_county": 73, "code": "1216", "name": "South West Nyakach"}}, {"model": "DreamsApp.ward", "pk": 1217, "fields": {"sub_county": 73, "code": "1217", "name": "North Nyakach"}}, {"model": "DreamsApp.ward", "pk": 1218, "fields": {"sub_county": 73, "code": "1218", "name": "Central Nyakach"}}, {"model": "DreamsApp.ward", "pk": 1219, "fields": {"sub_county": 73, "code": "1219", "name": "West Nyakach"}}, {"model": "DreamsApp.ward", "pk": 1220, "fields": {"sub_county": 73, "code": "1220", "name": "South East Nyakach"}}, {"model": "DreamsApp.ward", "pk": 1221, "fields": {"sub_county": 64, "code": "1221", "name": "West Kasipul"}}, {"model": "DreamsApp.ward", "pk": 1222, "fields": {"sub_county": 64, "code": "1222", "name": "South Kasipul"}}, {"model": "DreamsApp.ward", "pk": 1223, "fields": {"sub_county": 64, "code": "1223", "name": "Central Kasipul"}}, {"model": "DreamsApp.ward", "pk": 1224, "fields": {"sub_county": 64, "code": "1224", "name": "East Kamagak"}}, {"model": "DreamsApp.ward", "pk": 1225, "fields": {"sub_county": 64, "code": "1225", "name": "West Kamagak"}}, {"model": "DreamsApp.ward", "pk": 1226, "fields": {"sub_county": 62, "code": "1226", "name": "Kabondo East"}}, {"model": "DreamsApp.ward", "pk": 1227, "fields": {"sub_county": 62, "code": "1227", "name": "Kabondo West"}}, {"model": "DreamsApp.ward", "pk": 1228, "fields": {"sub_county": 62, "code": "1228", "name": "Kokwanyo/Kakelo"}}, {"model": "DreamsApp.ward", "pk": 1229, "fields": {"sub_county": 62, "code": "1229", "name": "Kojwach"}}, {"model": "DreamsApp.ward", "pk": 1230, "fields": {"sub_county": 63, "code": "1230", "name": "West Karachuonyo"}}, {"model": "DreamsApp.ward", "pk": 1231, "fields": {"sub_county": 63, "code": "1231", "name": "North Karachuonyo"}}, {"model": "DreamsApp.ward", "pk": 1232, "fields": {"sub_county": 63, "code": "1232", "name": "Central"}}, {"model": "DreamsApp.ward", "pk": 1233, "fields": {"sub_county": 63, "code": "1233", "name": "Kanyaluo"}}, {"model": "DreamsApp.ward", "pk": 1234, "fields": {"sub_county": 63, "code": "1234", "name": "Kibiri"}}, {"model": "DreamsApp.ward", "pk": 1235, "fields": {"sub_county": 63, "code": "1235", "name": "Wangchieng"}}, {"model": "DreamsApp.ward", "pk": 1236, "fields": {"sub_county": 63, "code": "1236", "name": "Kendu Bay Town"}}, {"model": "DreamsApp.ward", "pk": 1237, "fields": {"sub_county": 67, "code": "1237", "name": "West Gem"}}, {"model": "DreamsApp.ward", "pk": 1238, "fields": {"sub_county": 67, "code": "1238", "name": "East Gem"}}, {"model": "DreamsApp.ward", "pk": 1239, "fields": {"sub_county": 67, "code": "1239", "name": "Kagan"}}, {"model": "DreamsApp.ward", "pk": 1240, "fields": {"sub_county": 67, "code": "1240", "name": "Kochia"}}, {"model": "DreamsApp.ward", "pk": 1241, "fields": {"sub_county": 61, "code": "1241", "name": "Homa Bay Central"}}, {"model": "DreamsApp.ward", "pk": 1242, "fields": {"sub_county": 61, "code": "1242", "name": "Homa Bay Arujo"}}, {"model": "DreamsApp.ward", "pk": 1243, "fields": {"sub_county": 61, "code": "1243", "name": "Homa Bay West"}}, {"model": "DreamsApp.ward", "pk": 1244, "fields": {"sub_county": 61, "code": "1244", "name": "Homa Bay East"}}, {"model": "DreamsApp.ward", "pk": 1245, "fields": {"sub_county": 66, "code": "1245", "name": "Kwabwai"}}, {"model": "DreamsApp.ward", "pk": 1246, "fields": {"sub_county": 66, "code": "1246", "name": "Kanyadoto"}}, {"model": "DreamsApp.ward", "pk": 1247, "fields": {"sub_county": 66, "code": "1247", "name": "Kanyikela"}}, {"model": "DreamsApp.ward", "pk": 1248, "fields": {"sub_county": 66, "code": "1248", "name": "North Kabuoch"}}, {"model": "DreamsApp.ward", "pk": 1249, "fields": {"sub_county": 66, "code": "1249", "name": "Kabuoch South/Pala"}}, {"model": "DreamsApp.ward", "pk": 1250, "fields": {"sub_county": 66, "code": "1250", "name": "Kanyamwa Kologi"}}, {"model": "DreamsApp.ward", "pk": 1251, "fields": {"sub_county": 66, "code": "1251", "name": "Kanyamwa Kosewe"}}, {"model": "DreamsApp.ward", "pk": 1252, "fields": {"sub_county": 65, "code": "1252", "name": "Mfangano Island"}}, {"model": "DreamsApp.ward", "pk": 1253, "fields": {"sub_county": 65, "code": "1253", "name": "Rusinga Island"}}, {"model": "DreamsApp.ward", "pk": 1254, "fields": {"sub_county": 65, "code": "1254", "name": "Kasgunga"}}, {"model": "DreamsApp.ward", "pk": 1255, "fields": {"sub_county": 65, "code": "1255", "name": "Gembe"}}, {"model": "DreamsApp.ward", "pk": 1256, "fields": {"sub_county": 65, "code": "1256", "name": "Lambwe"}}, {"model": "DreamsApp.ward", "pk": 1257, "fields": {"sub_county": 68, "code": "1257", "name": "Gwassi South"}}, {"model": "DreamsApp.ward", "pk": 1258, "fields": {"sub_county": 68, "code": "1258", "name": "Gwassi North"}}, {"model": "DreamsApp.ward", "pk": 1259, "fields": {"sub_county": 68, "code": "1259", "name": "Kaksingri West"}}, {"model": "DreamsApp.ward", "pk": 1260, "fields": {"sub_county": 68, "code": "1260", "name": "Ruma Kaksingri East"}}, {"model": "DreamsApp.ward", "pk": 1366, "fields": {"sub_county": 60, "code": "1366", "name": "Kitisuru"}}, {"model": "DreamsApp.ward", "pk": 1367, "fields": {"sub_county": 60, "code": "1367", "name": "Parklands/Highridge"}}, {"model": "DreamsApp.ward", "pk": 1368, "fields": {"sub_county": 60, "code": "1368", "name": "Karura"}}, {"model": "DreamsApp.ward", "pk": 1369, "fields": {"sub_county": 60, "code": "1369", "name": "Kangemi"}}, {"model": "DreamsApp.ward", "pk": 1370, "fields": {"sub_county": 60, "code": "1370", "name": "Mountain View"}}, {"model": "DreamsApp.ward", "pk": 1371, "fields": {"sub_county": 45, "code": "1371", "name": "Kilimani"}}, {"model": "DreamsApp.ward", "pk": 1372, "fields": {"sub_county": 45, "code": "1372", "name": "Kawangware"}}, {"model": "DreamsApp.ward", "pk": 1373, "fields": {"sub_county": 45, "code": "1373", "name": "Gatina"}}, {"model": "DreamsApp.ward", "pk": 1374, "fields": {"sub_county": 45, "code": "1374", "name": "Kileleshwa"}}, {"model": "DreamsApp.ward", "pk": 1375, "fields": {"sub_county": 45, "code": "1375", "name": "Kabiro"}}, {"model": "DreamsApp.ward", "pk": 1376, "fields": {"sub_county": 46, "code": "1376", "name": "Mutuini"}}, {"model": "DreamsApp.ward", "pk": 1377, "fields": {"sub_county": 46, "code": "1377", "name": "Ngando"}}, {"model": "DreamsApp.ward", "pk": 1378, "fields": {"sub_county": 46, "code": "1378", "name": "Riruta"}}, {"model": "DreamsApp.ward", "pk": 1379, "fields": {"sub_county": 46, "code": "1379", "name": "Uthiru/Ruthimitu"}}, {"model": "DreamsApp.ward", "pk": 1380, "fields": {"sub_county": 46, "code": "1380", "name": "Waithaka"}}, {"model": "DreamsApp.ward", "pk": 1381, "fields": {"sub_county": 55, "code": "1381", "name": "Karen"}}, {"model": "DreamsApp.ward", "pk": 1382, "fields": {"sub_county": 55, "code": "1382", "name": "Nairobi West"}}, {"model": "DreamsApp.ward", "pk": 1383, "fields": {"sub_county": 55, "code": "1383", "name": "Mugumo-Ini"}}, {"model": "DreamsApp.ward", "pk": 1384, "fields": {"sub_county": 55, "code": "1384", "name": "South-C"}}, {"model": "DreamsApp.ward", "pk": 1385, "fields": {"sub_county": 55, "code": "1385", "name": "Nyayo Highrise"}}, {"model": "DreamsApp.ward", "pk": 1386, "fields": {"sub_county": 54, "code": "1386", "name": "Laini Saba"}}, {"model": "DreamsApp.ward", "pk": 1387, "fields": {"sub_county": 54, "code": "1387", "name": "Lindi"}}, {"model": "DreamsApp.ward", "pk": 1388, "fields": {"sub_county": 54, "code": "1388", "name": "Makina"}}, {"model": "DreamsApp.ward", "pk": 1389, "fields": {"sub_county": 54, "code": "1389", "name": "Woodley/Kenyatta Golf"}}, {"model": "DreamsApp.ward", "pk": 1390, "fields": {"sub_county": 54, "code": "1390", "name": "Sarangombe"}}, {"model": "DreamsApp.ward", "pk": 1391, "fields": {"sub_county": 76, "code": "1391", "name": "Githurai"}}, {"model": "DreamsApp.ward", "pk": 1392, "fields": {"sub_county": 76, "code": "1392", "name": "Kahawa West"}}, {"model": "DreamsApp.ward", "pk": 1393, "fields": {"sub_county": 76, "code": "1393", "name": "Zimmerman"}}, {"model": "DreamsApp.ward", "pk": 1394, "fields": {"sub_county": 76, "code": "1394", "name": "Roysambu"}}, {"model": "DreamsApp.ward", "pk": 1395, "fields": {"sub_county": 76, "code": "1395", "name": "Kahawa"}}, {"model": "DreamsApp.ward", "pk": 1396, "fields": {"sub_county": 53, "code": "1396", "name": "Claycity"}}, {"model": "DreamsApp.ward", "pk": 1397, "fields": {"sub_county": 53, "code": "1397", "name": "Mwiki"}}, {"model": "DreamsApp.ward", "pk": 1398, "fields": {"sub_county": 53, "code": "1398", "name": "Kasarani"}}, {"model": "DreamsApp.ward", "pk": 1399, "fields": {"sub_county": 53, "code": "1399", "name": "Njiru"}}, {"model": "DreamsApp.ward", "pk": 1400, "fields": {"sub_county": 53, "code": "1400", "name": "Ruai"}}, {"model": "DreamsApp.ward", "pk": 1401, "fields": {"sub_county": 58, "code": "1401", "name": "Baba Dogo"}}, {"model": "DreamsApp.ward", "pk": 1402, "fields": {"sub_county": 58, "code": "1402", "name": "Utalii"}}, {"model": "DreamsApp.ward", "pk": 1403, "fields": {"sub_county": 58, "code": "1403", "name": "Mathare North"}}, {"model": "DreamsApp.ward", "pk": 1404, "fields": {"sub_county": 58, "code": "1404", "name": "Lucky Summer"}}, {"model": "DreamsApp.ward", "pk": 1405, "fields": {"sub_county": 58, "code": "1405", "name": "Korogocho"}}, {"model": "DreamsApp.ward", "pk": 1406, "fields": {"sub_county": 50, "code": "1406", "name": "Imara Daima"}}, {"model": "DreamsApp.ward", "pk": 1407, "fields": {"sub_county": 50, "code": "1407", "name": "Kwa Njenga"}}, {"model": "DreamsApp.ward", "pk": 1408, "fields": {"sub_county": 50, "code": "1408", "name": "Kwa Reuben"}}, {"model": "DreamsApp.ward", "pk": 1409, "fields": {"sub_county": 50, "code": "1409", "name": "Pipeline"}}, {"model": "DreamsApp.ward", "pk": 1410, "fields": {"sub_county": 50, "code": "1410", "name": "Kware"}}, {"model": "DreamsApp.ward", "pk": 1411, "fields": {"sub_county": 49, "code": "1411", "name": "Kariobangi North"}}, {"model": "DreamsApp.ward", "pk": 1412, "fields": {"sub_county": 49, "code": "1412", "name": "Dandora Area I"}}, {"model": "DreamsApp.ward", "pk": 1413, "fields": {"sub_county": 49, "code": "1413", "name": "Dandora Area Ii"}}, {"model": "DreamsApp.ward", "pk": 1414, "fields": {"sub_county": 49, "code": "1414", "name": "Dandora Area Iii"}}, {"model": "DreamsApp.ward", "pk": 1415, "fields": {"sub_county": 49, "code": "1415", "name": "Dandora Area Iv"}}, {"model": "DreamsApp.ward", "pk": 1416, "fields": {"sub_county": 47, "code": "1416", "name": "Kayole North"}}, {"model": "DreamsApp.ward", "pk": 1417, "fields": {"sub_county": 47, "code": "1417", "name": "Kayole Central"}}, {"model": "DreamsApp.ward", "pk": 1418, "fields": {"sub_county": 47, "code": "1418", "name": "Kayole South"}}, {"model": "DreamsApp.ward", "pk": 1419, "fields": {"sub_county": 47, "code": "1419", "name": "Komarock"}}, {"model": "DreamsApp.ward", "pk": 1420, "fields": {"sub_county": 47, "code": "1420", "name": "Matopeni"}}, {"model": "DreamsApp.ward", "pk": 1421, "fields": {"sub_county": 48, "code": "1421", "name": "Upper Savannah"}}, {"model": "DreamsApp.ward", "pk": 1422, "fields": {"sub_county": 48, "code": "1422", "name": "Lower Savannah"}}, {"model": "DreamsApp.ward", "pk": 1423, "fields": {"sub_county": 48, "code": "1423", "name": "Embakasi"}}, {"model": "DreamsApp.ward", "pk": 1424, "fields": {"sub_county": 48, "code": "1424", "name": "Utawala"}}, {"model": "DreamsApp.ward", "pk": 1425, "fields": {"sub_county": 48, "code": "1425", "name": "Mihango"}}, {"model": "DreamsApp.ward", "pk": 1426, "fields": {"sub_county": 51, "code": "1426", "name": "Umoja I"}}, {"model": "DreamsApp.ward", "pk": 1427, "fields": {"sub_county": 51, "code": "1427", "name": "Umoja Ii"}}, {"model": "DreamsApp.ward", "pk": 1428, "fields": {"sub_county": 51, "code": "1428", "name": "Mowlem"}}, {"model": "DreamsApp.ward", "pk": 1429, "fields": {"sub_county": 51, "code": "1429", "name": "Kariobangi South"}}, {"model": "DreamsApp.ward", "pk": 1430, "fields": {"sub_county": 56, "code": "1430", "name": "Maringo/Hamza"}}, {"model": "DreamsApp.ward", "pk": 1431, "fields": {"sub_county": 56, "code": "1431", "name": "Viwandani"}}, {"model": "DreamsApp.ward", "pk": 1432, "fields": {"sub_county": 56, "code": "1432", "name": "Harambee"}}, {"model": "DreamsApp.ward", "pk": 1433, "fields": {"sub_county": 56, "code": "1433", "name": "Makongeni"}}, {"model": "DreamsApp.ward", "pk": 1434, "fields": {"sub_county": 52, "code": "1434", "name": "Pumwani"}}, {"model": "DreamsApp.ward", "pk": 1435, "fields": {"sub_county": 52, "code": "1435", "name": "Eastleigh North"}}, {"model": "DreamsApp.ward", "pk": 1436, "fields": {"sub_county": 52, "code": "1436", "name": "Eastleigh South"}}, {"model": "DreamsApp.ward", "pk": 1437, "fields": {"sub_county": 52, "code": "1437", "name": "Airbase"}}, {"model": "DreamsApp.ward", "pk": 1438, "fields": {"sub_county": 52, "code": "1438", "name": "California"}}, {"model": "DreamsApp.ward", "pk": 1439, "fields": {"sub_county": 59, "code": "1439", "name": "Nairobi Central"}}, {"model": "DreamsApp.ward", "pk": 1440, "fields": {"sub_county": 59, "code": "1440", "name": "Ngara"}}, {"model": "DreamsApp.ward", "pk": 1441, "fields": {"sub_county": 59, "code": "1441", "name": "Ziwani/Kariokor"}}, {"model": "DreamsApp.ward", "pk": 1442, "fields": {"sub_county": 59, "code": "1442", "name": "Pangani"}}, {"model": "DreamsApp.ward", "pk": 1443, "fields": {"sub_county": 59, "code": "1443", "name": "Landimawe"}}, {"model": "DreamsApp.ward", "pk": 1444, "fields": {"sub_county": 59, "code": "1444", "name": "Nairobi South"}}, {"model": "DreamsApp.ward", "pk": 1446, "fields": {"sub_county": 57, "code": "1446", "name": "Mabatini"}}, {"model": "DreamsApp.ward", "pk": 1447, "fields": {"sub_county": 57, "code": "1447", "name": "Huruma"}}, {"model": "DreamsApp.ward", "pk": 1448, "fields": {"sub_county": 57, "code": "1448", "name": "Ngei"}}, {"model": "DreamsApp.ward", "pk": 1449, "fields": {"sub_county": 57, "code": "1449", "name": "Mlango Kubwa"}}, {"model": "DreamsApp.ward", "pk": 1450, "fields": {"sub_county": 57, "code": "1450", "name": "Kiamaiko"}}, {"model": "DreamsApp.ward", "pk": 1455, "fields": {"sub_county": 57, "code": "1455", "name": "Hospital"}}, {"model": "DreamsApp.verificationdocument", "pk": 1, "fields": {"code": 1, "name": "Birth Certificate"}}, {"model": "DreamsApp.verificationdocument", "pk": 2, "fields": {"code": 2, "name": "National ID"}}, {"model": "DreamsApp.verificationdocument", "pk": 3, "fields": {"code": 3, "name": "National ID waiting card"}}, {"model": "DreamsApp.verificationdocument", "pk": 4, "fields": {"code": 4, "name": "Baptismal Card"}}, {"model": "DreamsApp.implementingpartner", "pk": 1, "fields": {"code": 1, "name": "Afya Jijini"}}, {"model": "DreamsApp.implementingpartner", "pk": 2, "fields": {"code": 2, "name": "AIHA"}}, {"model": "DreamsApp.implementingpartner", "pk": 3, "fields": {"code": 3, "name": "Aphiaplus Western"}}, {"model": "DreamsApp.implementingpartner", "pk": 4, "fields": {"code": 4, "name": "Global Communities"}}, {"model": "DreamsApp.implementingpartner", "pk": 5, "fields": {"code": 5, "name": "Henry Jackson Foundation"}}, {"model": "DreamsApp.implementingpartner", "pk": 6, "fields": {"code": 6, "name": "HWWK"}}, {"model": "DreamsApp.implementingpartner", "pk": 7, "fields": {"code": 7, "name": "IMC"}}, {"model": "DreamsApp.implementingpartner", "pk": 8, "fields": {"code": 8, "name": "IRDO"}}, {"model": "DreamsApp.implementingpartner", "pk": 9, "fields": {"code": 9, "name": "LVCT Health"}}, {"model": "DreamsApp.implementingpartner", "pk": 10, "fields": {"code": 10, "name": "Peace Corps"}}, {"model": "DreamsApp.implementingpartneruser", "pk": 1, "fields": {"user": 1, "implementing_partner": 1}}, {"model": "DreamsApp.interventioncategory", "pk": 1, "fields": {"code": 1001, "name": "BEHAVIORAL"}}, {"model": "DreamsApp.interventioncategory", "pk": 2, "fields": {"code": 2001, "name": "BIO-MEDICAL"}}, {"model": "DreamsApp.interventioncategory", "pk": 3, "fields": {"code": 3001, "name": "POST-GBV CARE"}}, {"model": "DreamsApp.interventioncategory", "pk": 4, "fields": {"code": 4001, "name": "SOCIAL PROTECTION"}}, {"model": "DreamsApp.interventioncategory", "pk": 5, "fields": {"code": 5001, "name": "OTHER INTERVENTIONS"}}, {"model": "DreamsApp.interventiontype", "pk": 1, "fields": {"code": 1002, "name": "SHUGA II", "intervention_category": 1, "has_hts_result": false, "has_pregnancy_result": false, "has_ccc_number": false, "has_no_of_sessions": false, "min_age": 15, "max_age": 24, "is_age_restricted": true, "is_given_once": true, "is_specified": false}}, {"model": "DreamsApp.interventiontype", "pk": 2, "fields": {"code": 1003, "name": "RESPECT-K", "intervention_category": 1, "has_hts_result": false, "has_pregnancy_result": false, "has_ccc_number": false, "has_no_of_sessions": false, "min_age": 15, "max_age": 24, "is_age_restricted": true, "is_given_once": true, "is_specified": false}}, {"model": "DreamsApp.interventiontype", "pk": 3, "fields": {"code": 1004, "name": "HCBF", "intervention_category": 1, "has_hts_result": false, "has_pregnancy_result": false, "has_ccc_number": false, "has_no_of_sessions": false, "min_age": 10, "max_age": 19, "is_age_restricted": true, "is_given_once": false, "is_specified": false}}, {"model": "DreamsApp.interventiontype", "pk": 4, "fields": {"code": 1005, "name": "MHMC", "intervention_category": 1, "has_hts_result": false, "has_pregnancy_result": false, "has_ccc_number": false, "has_no_of_sessions": false, "min_age": 0, "max_age": 0, "is_age_restricted": false, "is_given_once": false, "is_specified": false}}, {"model": "DreamsApp.interventiontype", "pk": 5, "fields": {"code": 1006, "name": "SISTER TO SISTER-K", "intervention_category": 1, "has_hts_result": false, "has_pregnancy_result": false, "has_ccc_number": false, "has_no_of_sessions": false, "min_age": 18, "max_age": 24, "is_age_restricted": true, "is_given_once": true, "is_specified": false}}, {"model": "DreamsApp.interventiontype", "pk": 6, "fields": {"code": 1007, "name": "MLRC", "intervention_category": 1, "has_hts_result": false, "has_pregnancy_result": false, "has_ccc_number": false, "has_no_of_sessions": false, "min_age": 10, "max_age": 14, "is_age_restricted": true, "is_given_once": false, "is_specified": false}}, {"model": "DreamsApp.interventiontype", "pk": 7, "fields": {"code": 1008, "name": "OTHER", "intervention_category": 1, "has_hts_result": false, "has_pregnancy_result": false, "has_ccc_number": false, "has_no_of_sessions": false, "min_age": 0, "max_age": 0, "is_age_restricted": false, "is_given_once": false, "is_specified": true}}, {"model": "DreamsApp.interventiontype", "pk": 8, "fields": {"code": 2002, "name": "HTS (Client)", "intervention_category": 2, "has_hts_result": true, "has_pregnancy_result": false, "has_ccc_number": false, "has_no_of_sessions": false, "min_age": 0, "max_age": 0, "is_age_restricted": false, "is_given_once": false, "is_specified": false}}, {"model": "DreamsApp.interventiontype", "pk": 9, "fields": {"code": 2004, "name": "HTS (Partner)", "intervention_category": 2, "has_hts_result": true, "has_pregnancy_result": false, "has_ccc_number": false, "has_no_of_sessions": false, "min_age": 0, "max_age": 0, "is_age_restricted": false, "is_given_once": false, "is_specified": false}}, {"model": "DreamsApp.interventiontype", "pk": 10, "fields": {"code": 2005, "name": "Linkage to CCC", "intervention_category": 2, "has_hts_result": false, "has_pregnancy_result": false, "has_ccc_number": true, "has_no_of_sessions": false, "min_age": 0, "max_age": 0, "is_age_restricted": false, "is_given_once": false, "is_specified": false}}, {"model": "DreamsApp.interventiontype", "pk": 11, "fields": {"code": 2006, "name": "Pregnancy Test", "intervention_category": 2, "has_hts_result": false, "has_pregnancy_result": true, "has_ccc_number": false, "has_no_of_sessions": false, "min_age": 0, "max_age": 0, "is_age_restricted": false, "is_given_once": false, "is_specified": false}}, {"model": "DreamsApp.interventiontype", "pk": 12, "fields": {"code": 2008, "name": "ANC/PMTCT", "intervention_category": 2, "has_hts_result": false, "has_pregnancy_result": false, "has_ccc_number": false, "has_no_of_sessions": false, "min_age": 0, "max_age": 0, "is_age_restricted": false, "is_given_once": false, "is_specified": false}}, {"model": "DreamsApp.interventiontype", "pk": 13, "fields": {"code": 2009, "name": "STI Screening", "intervention_category": 2, "has_hts_result": false, "has_pregnancy_result": false, "has_ccc_number": false, "has_no_of_sessions": false, "min_age": 0, "max_age": 0, "is_age_restricted": false, "is_given_once": false, "is_specified": false}}, {"model": "DreamsApp.interventiontype", "pk": 14, "fields": {"code": 2010, "name": "STI Treatment", "intervention_category": 2, "has_hts_result": false, "has_pregnancy_result": false, "has_ccc_number": false, "has_no_of_sessions": false, "min_age": 0, "max_age": 0, "is_age_restricted": false, "is_given_once": false, "is_specified": false}}, {"model": "DreamsApp.interventiontype", "pk": 15, "fields": {"code": 2011, "name": "STI Linkage", "intervention_category": 2, "has_hts_result": false, "has_pregnancy_result": false, "has_ccc_number": false, "has_no_of_sessions": false, "min_age": 0, "max_age": 0, "is_age_restricted": false, "is_given_once": false, "is_specified": false}}, {"model": "DreamsApp.interventiontype", "pk": 16, "fields": {"code": 2012, "name": "TB Screening", "intervention_category": 2, "has_hts_result": false, "has_pregnancy_result": false, "has_ccc_number": false, "has_no_of_sessions": false, "min_age": 0, "max_age": 0, "is_age_restricted": false, "is_given_once": false, "is_specified": false}}, {"model": "DreamsApp.interventiontype", "pk": 17, "fields": {"code": 2013, "name": "Linked for TB Treatment", "intervention_category": 2, "has_hts_result": false, "has_pregnancy_result": false, "has_ccc_number": false, "has_no_of_sessions": false, "min_age": 0, "max_age": 0, "is_age_restricted": false, "is_given_once": false, "is_specified": false}}, {"model": "DreamsApp.interventiontype", "pk": 18, "fields": {"code": 2014, "name": "Condom Education and Demo", "intervention_category": 2, "has_hts_result": false, "has_pregnancy_result": false, "has_ccc_number": false, "has_no_of_sessions": false, "min_age": 0, "max_age": 0, "is_age_restricted": false, "is_given_once": false, "is_specified": false}}, {"model": "DreamsApp.interventiontype", "pk": 19, "fields": {"code": 2015, "name": "Condom Provided", "intervention_category": 2, "has_hts_result": false, "has_pregnancy_result": false, "has_ccc_number": false, "has_no_of_sessions": false, "min_age": 0, "max_age": 0, "is_age_restricted": false, "is_given_once": false, "is_specified": false}}, {"model": "DreamsApp.interventiontype", "pk": 20, "fields": {"code": 2016, "name": "Partner VMMC", "intervention_category": 2, "has_hts_result": false, "has_pregnancy_result": false, "has_ccc_number": false, "has_no_of_sessions": false, "min_age": 0, "max_age": 0, "is_age_restricted": false, "is_given_once": false, "is_specified": false}}, {"model": "DreamsApp.interventiontype", "pk": 21, "fields": {"code": 2017, "name": "Contraception Method Mix - Education/Info", "intervention_category": 2, "has_hts_result": false, "has_pregnancy_result": false, "has_ccc_number": false, "has_no_of_sessions": false, "min_age": 0, "max_age": 0, "is_age_restricted": false, "is_given_once": false, "is_specified": false}}, {"model": "DreamsApp.interventiontype", "pk": 22, "fields": {"code": 2018, "name": "Contraception Method Mix - Individual Counselling", "intervention_category": 2, "has_hts_result": false, "has_pregnancy_result": false, "has_ccc_number": false, "has_no_of_sessions": false, "min_age": 0, "max_age": 0, "is_age_restricted": false, "is_given_once": false, "is_specified": false}}, {"model": "DreamsApp.interventiontype", "pk": 23, "fields": {"code": 2019, "name": "Received Contraception-Pills/Oral", "intervention_category": 2, "has_hts_result": false, "has_pregnancy_result": false, "has_ccc_number": false, "has_no_of_sessions": false, "min_age": 0, "max_age": 0, "is_age_restricted": false, "is_given_once": false, "is_specified": false}}, {"model": "DreamsApp.interventiontype", "pk": 24, "fields": {"code": 2020, "name": "Received Contraception-Injectable", "intervention_category": 2, "has_hts_result": false, "has_pregnancy_result": false, "has_ccc_number": false, "has_no_of_sessions": false, "min_age": 0, "max_age": 0, "is_age_restricted": false, "is_given_once": false, "is_specified": false}}, {"model": "DreamsApp.interventiontype", "pk": 25, "fields": {"code": 2021, "name": "Received Contraception-Implant", "intervention_category": 2, "has_hts_result": false, "has_pregnancy_result": false, "has_ccc_number": false, "has_no_of_sessions": false, "min_age": 0, "max_age": 0, "is_age_restricted": false, "is_given_once": false, "is_specified": false}}, {"model": "DreamsApp.interventiontype", "pk": 26, "fields": {"code": 2022, "name": "Received Contraception-IUD/Coil", "intervention_category": 2, "has_hts_result": false, "has_pregnancy_result": false, "has_ccc_number": false, "has_no_of_sessions": false, "min_age": 0, "max_age": 0, "is_age_restricted": false, "is_given_once": false, "is_specified": false}}, {"model": "DreamsApp.interventiontype", "pk": 27, "fields": {"code": 2023, "name": "PreEP", "intervention_category": 2, "has_hts_result": false, "has_pregnancy_result": false, "has_ccc_number": false, "has_no_of_sessions": false, "min_age": 0, "max_age": 0, "is_age_restricted": false, "is_given_once": false, "is_specified": false}}, {"model": "DreamsApp.interventiontype", "pk": 28, "fields": {"code": 3004, "name": "PEP", "intervention_category": 3, "has_hts_result": false, "has_pregnancy_result": false, "has_ccc_number": false, "has_no_of_sessions": false, "min_age": 0, "max_age": 0, "is_age_restricted": false, "is_given_once": false, "is_specified": false}}, {"model": "DreamsApp.interventiontype", "pk": 29, "fields": {"code": 3005, "name": "PSS", "intervention_category": 3, "has_hts_result": false, "has_pregnancy_result": false, "has_ccc_number": false, "has_no_of_sessions": false, "min_age": 0, "max_age": 0, "is_age_restricted": false, "is_given_once": false, "is_specified": false}}, {"model": "DreamsApp.interventiontype", "pk": 30, "fields": {"code": 3006, "name": "Rescue/Shelter", "intervention_category": 3, "has_hts_result": false, "has_pregnancy_result": false, "has_ccc_number": false, "has_no_of_sessions": false, "min_age": 0, "max_age": 0, "is_age_restricted": false, "is_given_once": false, "is_specified": false}}, {"model": "DreamsApp.interventiontype", "pk": 31, "fields": {"code": 3007, "name": "Police", "intervention_category": 3, "has_hts_result": false, "has_pregnancy_result": false, "has_ccc_number": false, "has_no_of_sessions": false, "min_age": 0, "max_age": 0, "is_age_restricted": false, "is_given_once": false, "is_specified": false}}, {"model": "DreamsApp.interventiontype", "pk": 32, "fields": {"code": 3008, "name": "Trauma Counseling", "intervention_category": 3, "has_hts_result": false, "has_pregnancy_result": false, "has_ccc_number": false, "has_no_of_sessions": false, "min_age": 0, "max_age": 0, "is_age_restricted": false, "is_given_once": false, "is_specified": false}}, {"model": "DreamsApp.interventiontype", "pk": 33, "fields": {"code": 3009, "name": "Emergency Contraception", "intervention_category": 3, "has_hts_result": false, "has_pregnancy_result": false, "has_ccc_number": false, "has_no_of_sessions": false, "min_age": 0, "max_age": 0, "is_age_restricted": false, "is_given_once": false, "is_specified": false}}, {"model": "DreamsApp.interventiontype", "pk": 34, "fields": {"code": 3010, "name": "Examination/Treatment of Injuries", "intervention_category": 3, "has_hts_result": false, "has_pregnancy_result": false, "has_ccc_number": false, "has_no_of_sessions": false, "min_age": 0, "max_age": 0, "is_age_restricted": false, "is_given_once": false, "is_specified": false}}, {"model": "DreamsApp.interventiontype", "pk": 35, "fields": {"code": 4004, "name": "Education Support - School Fees", "intervention_category": 4, "has_hts_result": false, "has_pregnancy_result": false, "has_ccc_number": false, "has_no_of_sessions": false, "min_age": 0, "max_age": 0, "is_age_restricted": false, "is_given_once": false, "is_specified": false}}, {"model": "DreamsApp.interventiontype", "pk": 36, "fields": {"code": 4005, "name": "Education Support - Stationery", "intervention_category": 4, "has_hts_result": false, "has_pregnancy_result": false, "has_ccc_number": false, "has_no_of_sessions": false, "min_age": 0, "max_age": 0, "is_age_restricted": false, "is_given_once": false, "is_specified": false}}, {"model": "DreamsApp.interventiontype", "pk": 37, "fields": {"code": 4006, "name": "Education Support - Uniform", "intervention_category": 4, "has_hts_result": false, "has_pregnancy_result": false, "has_ccc_number": false, "has_no_of_sessions": false, "min_age": 0, "max_age": 0, "is_age_restricted": false, "is_given_once": false, "is_specified": false}}, {"model": "DreamsApp.interventiontype", "pk": 38, "fields": {"code": 4007, "name": "Education Support - Other", "intervention_category": 4, "has_hts_result": false, "has_pregnancy_result": false, "has_ccc_number": false, "has_no_of_sessions": false, "min_age": 0, "max_age": 0, "is_age_restricted": false, "is_given_once": false, "is_specified": true}}, {"model": "DreamsApp.interventiontype", "pk": 39, "fields": {"code": 4008, "name": "Parent/Caregiver Program - FMP", "intervention_category": 4, "has_hts_result": false, "has_pregnancy_result": false, "has_ccc_number": false, "has_no_of_sessions": false, "min_age": 10, "max_age": 14, "is_age_restricted": true, "is_given_once": false, "is_specified": false}}, {"model": "DreamsApp.interventiontype", "pk": 40, "fields": {"code": 4009, "name": "Economic Strengthening - Entrepreneur/Financial Training", "intervention_category": 4, "has_hts_result": false, "has_pregnancy_result": false, "has_ccc_number": false, "has_no_of_sessions": false, "min_age": 0, "max_age": 0, "is_age_restricted": false, "is_given_once": false, "is_specified": false}}, {"model": "DreamsApp.interventiontype", "pk": 41, "fields": {"code": 4010, "name": "Economic Strengthening - Vocational Training", "intervention_category": 4, "has_hts_result": false, "has_pregnancy_result": false, "has_ccc_number": false, "has_no_of_sessions": false, "min_age": 0, "max_age": 0, "is_age_restricted": false, "is_given_once": false, "is_specified": false}}, {"model": "DreamsApp.interventiontype", "pk": 42, "fields": {"code": 4011, "name": "Economic Strengthening - Microfinance", "intervention_category": 4, "has_hts_result": false, "has_pregnancy_result": false, "has_ccc_number": false, "has_no_of_sessions": false, "min_age": 0, "max_age": 0, "is_age_restricted": false, "is_given_once": false, "is_specified": false}}, {"model": "DreamsApp.interventiontype", "pk": 43, "fields": {"code": 4012, "name": "Economic Strengthening - Internship/Employment", "intervention_category": 4, "has_hts_result": false, "has_pregnancy_result": false, "has_ccc_number": false, "has_no_of_sessions": false, "min_age": 0, "max_age": 0, "is_age_restricted": false, "is_given_once": false, "is_specified": false}}, {"model": "DreamsApp.interventiontype", "pk": 44, "fields": {"code": 4013, "name": "Economic Strengthening - Business Start up", "intervention_category": 4, "has_hts_result": false, "has_pregnancy_result": false, "has_ccc_number": false, "has_no_of_sessions": false, "min_age": 0, "max_age": 0, "is_age_restricted": false, "is_given_once": false, "is_specified": false}}, {"model": "DreamsApp.interventiontype", "pk": 45, "fields": {"code": 5004, "name": "Cash Transfer", "intervention_category": 5, "has_hts_result": false, "has_pregnancy_result": false, "has_ccc_number": false, "has_no_of_sessions": false, "min_age": 0, "max_age": 0, "is_age_restricted": false, "is_given_once": false, "is_specified": false}}, {"model": "DreamsApp.interventiontype", "pk": 46, "fields": {"code": 5005, "name": "OVC for Children/Siblings/Other", "intervention_category": 5, "has_hts_result": false, "has_pregnancy_result": false, "has_ccc_number": false, "has_no_of_sessions": false, "min_age": 0, "max_age": 0, "is_age_restricted": false, "is_given_once": false, "is_specified": false}}, {"model": "DreamsApp.interventiontype", "pk": 47, "fields": {"code": 5006, "name": "Nutritional Support", "intervention_category": 5, "has_hts_result": false, "has_pregnancy_result": false, "has_ccc_number": false, "has_no_of_sessions": false, "min_age": 0, "max_age": 0, "is_age_restricted": false, "is_given_once": false, "is_specified": false}}, {"model": "DreamsApp.interventiontype", "pk": 48, "fields": {"code": 5007, "name": "Drug and Alcohol Addiction Counseling", "intervention_category": 5, "has_hts_result": false, "has_pregnancy_result": false, "has_ccc_number": false, "has_no_of_sessions": false, "min_age": 0, "max_age": 0, "is_age_restricted": false, "is_given_once": false, "is_specified": false}}, {"model": "DreamsApp.interventiontype", "pk": 49, "fields": {"code": 5008, "name": "Social Asset Building - Number of Sessions Attended", "intervention_category": 5, "has_hts_result": false, "has_pregnancy_result": false, "has_ccc_number": false, "has_no_of_sessions": true, "min_age": 0, "max_age": 0, "is_age_restricted": false, "is_given_once": false, "is_specified": false}}, {"model": "DreamsApp.interventiontype", "pk": 50, "fields": {"code": 2003, "name": "HTS (Client) Linked to HTS", "intervention_category": 2, "has_hts_result": false, "has_pregnancy_result": false, "has_ccc_number": false, "has_no_of_sessions": false, "min_age": 0, "max_age": 0, "is_age_restricted": false, "is_given_once": false, "is_specified": false}}, {"model": "DreamsApp.interventiontype", "pk": 51, "fields": {"code": 2007, "name": "Pregnancy Test ( Confirmed Linkage)", "intervention_category": 2, "has_hts_result": false, "has_pregnancy_result": false, "has_ccc_number": false, "has_no_of_sessions": false, "min_age": 0, "max_age": 0, "is_age_restricted": false, "is_given_once": false, "is_specified": false}}, {"model": "DreamsApp.interventiontype", "pk": 52, "fields": {"code": 2030, "name": "HTS (Partner) Linked to HTS", "intervention_category": 2, "has_hts_result": false, "has_pregnancy_result": false, "has_ccc_number": false, "has_no_of_sessions": false, "min_age": 0, "max_age": 0, "is_age_restricted": false, "is_given_once": false, "is_specified": false}}, {"model": "DreamsApp.interventiontype", "pk": 53, "fields": {"code": 2031, "name": "Positive (Partner) Linked to CCC", "intervention_category": 2, "has_hts_result": false, "has_pregnancy_result": false, "has_ccc_number": true, "has_no_of_sessions": false, "min_age": 0, "max_age": 0, "is_age_restricted": false, "is_given_once": false, "is_specified": false}}, {"model": "DreamsApp.interventiontype", "pk": 54, "fields": {"code": 2024, "name": "Tube ligation", "intervention_category": 2, "has_hts_result": false, "has_pregnancy_result": false, "has_ccc_number": false, "has_no_of_sessions": false, "min_age": 0, "max_age": 0, "is_age_restricted": false, "is_given_once": false, "is_specified": false}}, {"model": "DreamsApp.interventiontype", "pk": 55, "fields": {"code": 3011, "name": "Legal support", "intervention_category": 3, "has_hts_result": false, "has_pregnancy_result": false, "has_ccc_number": false, "has_no_of_sessions": false, "min_age": 0, "max_age": 0, "is_age_restricted": false, "is_given_once": false, "is_specified": false}}, {"model": "DreamsApp.htsresult", "pk": 1, "fields": {"code": 201, "name": "Negative"}}, {"model": "DreamsApp.htsresult", "pk": 2, "fields": {"code": 202, "name": "Positive"}}, {"model": "DreamsApp.htsresult", "pk": 3, "fields": {"code": 203, "name": "Known Positive"}}, {"model": "DreamsApp.pregnancytestresult", "pk": 1, "fields": {"code": 101, "name": "Not Pregnant"}}, {"model": "DreamsApp.pregnancytestresult", "pk": 2, "fields": {"code": 102, "name": "Pregnant"}}, {"model": "DreamsApp.audit", "pk": 1, "fields": {"timestamp": "2016-08-23T08:59:28.825", "user_id": 1, "table": "DreamsApp_client", "row_id": 0, "action": "LOGIN", "search_text": "Login Successful for username: daviesray"}}, {"model": "DreamsApp.audit", "pk": 2, "fields": {"timestamp": "2016-09-07T10:56:38.515", "user_id": 1, "table": "DreamsApp_client", "row_id": 0, "action": "LOGIN", "search_text": "Login Successful for username: daviesray"}}, {"model": "DreamsApp.audit", "pk": 3, "fields": {"timestamp": "2016-09-07T10:57:33.264", "user_id": 1, "table": "DreamsApp_client", "row_id": null, "action": "SEARCH", "search_text": "1234"}}, {"model": "DreamsApp.audit", "pk": 4, "fields": {"timestamp": "2016-09-07T10:57:34.597", "user_id": 1, "table": "DreamsApp_client", "row_id": null, "action": "SEARCH", "search_text": "1234"}}, {"model": "DreamsApp.audit", "pk": 5, "fields": {"timestamp": "2016-09-07T10:57:36.082", "user_id": 1, "table": "DreamsApp_client", "row_id": null, "action": "SEARCH", "search_text": "1234"}}, {"model": "DreamsApp.audit", "pk": 6, "fields": {"timestamp": "2016-09-07T11:31:18.090", "user_id": 1, "table": "DreamsApp_client", "row_id": null, "action": "SEARCH", "search_text": "1234"}}, {"model": "DreamsApp.audit", "pk": 7, "fields": {"timestamp": "2016-09-07T11:31:19.602", "user_id": 1, "table": "DreamsApp_client", "row_id": null, "action": "SEARCH", "search_text": "1234"}}, {"model": "DreamsApp.audit", "pk": 8, "fields": {"timestamp": "2016-09-07T11:34:56.646", "user_id": 1, "table": "DreamsApp_client", "row_id": 0, "action": "LOGIN", "search_text": "Login Successful for username: daviesray"}}, {"model": "DreamsApp.categoricalresponse", "pk": 1, "fields": {"name": "Yes", "code": 1}}, {"model": "DreamsApp.categoricalresponse", "pk": 2, "fields": {"name": "No", "code": 2}}, {"model": "DreamsApp.categoricalresponse", "pk": 3, "fields": {"name": "Don't Know", "code": 3}}, {"model": "DreamsApp.categoricalresponse", "pk": 4, "fields": {"name": "Not Applicable", "code": 4}}, {"model": "DreamsApp.periodresponse", "pk": 1, "fields": {"name": "Less than 6 Months ago", "code": 1}}, {"model": "DreamsApp.periodresponse", "pk": 2, "fields": {"name": "6 - 12 months ago", "code": 2}}, {"model": "DreamsApp.periodresponse", "pk": 3, "fields": {"name": "1- 2 years ago", "code": 3}}, {"model": "DreamsApp.periodresponse", "pk": 4, "fields": {"name": "More than 2 years ago", "code": 4}}, {"model": "DreamsApp.periodresponse", "pk": 5, "fields": {"name": "Never attended to school", "code": 5}}, {"model": "DreamsApp.periodresponse", "pk": 6, "fields": {"name": "Less than 3 months ago", "code": 6}}, {"model": "DreamsApp.periodresponse", "pk": 7, "fields": {"name": "3-5 months ago", "code": 7}}, {"model": "DreamsApp.periodresponse", "pk": 8, "fields": {"name": "6-12 months ago", "code": 8}}, {"model": "DreamsApp.periodresponse", "pk": 9, "fields": {"name": "More than a year ago/more than 12 months ago", "code": 9}}, {"model": "DreamsApp.householdhead", "pk": 1, "fields": {"name": "Self", "code": 1}}, {"model": "DreamsApp.householdhead", "pk": 2, "fields": {"name": "Father", "code": 2}}, {"model": "DreamsApp.householdhead", "pk": 3, "fields": {"name": "Mother", "code": 3}}, {"model": "DreamsApp.householdhead", "pk": 4, "fields": {"name": "Sibling", "code": 4}}, {"model": "DreamsApp.householdhead", "pk": 5, "fields": {"name": "Uncle/Aunt", "code": 5}}, {"model": "DreamsApp.householdhead", "pk": 6, "fields": {"name": "Grandparents", "code": 6}}, {"model": "DreamsApp.householdhead", "pk": 7, "fields": {"name": "Husband/Partner", "code": 7}}, {"model": "DreamsApp.householdhead", "pk": 96, "fields": {"name": "Other/Specify", "code": 96}}, {"model": "DreamsApp.roofingmaterial", "pk": 1, "fields": {"name": "Grass/thatch/makuti", "code": 1}}, {"model": "DreamsApp.roofingmaterial", "pk": 2, "fields": {"name": "Tin cans", "code": 2}}, {"model": "DreamsApp.roofingmaterial", "pk": 3, "fields": {"name": "Corrugated iron sheet (Mabati)", "code": 3}}, {"model": "DreamsApp.roofingmaterial", "pk": 4, "fields": {"name": "Asbestos sheets", "code": 4}}, {"model": "DreamsApp.roofingmaterial", "pk": 5, "fields": {"name": "Concrete", "code": 5}}, {"model": "DreamsApp.roofingmaterial", "pk": 96, "fields": {"name": "Other Specify", "code": 96}}, {"model": "DreamsApp.wallmaterial", "pk": 1, "fields": {"name": "No walls", "code": 1}}, {"model": "DreamsApp.wallmaterial", "pk": 2, "fields": {"name": "Dung/Mud", "code": 2}}, {"model": "DreamsApp.wallmaterial", "pk": 3, "fields": {"name": "Stone with mud", "code": 3}}, {"model": "DreamsApp.wallmaterial", "pk": 4, "fields": {"name": "Plywood/Cardboard", "code": 4}}, {"model": "DreamsApp.wallmaterial", "pk": 5, "fields": {"name": "Carton", "code": 5}}, {"model": "DreamsApp.wallmaterial", "pk": 6, "fields": {"name": "Wood", "code": 6}}, {"model": "DreamsApp.wallmaterial", "pk": 7, "fields": {"name": "Stone/Cement", "code": 7}}, {"model": "DreamsApp.wallmaterial", "pk": 96, "fields": {"name": "Other/Specify", "code": 96}}, {"model": "DreamsApp.floormaterial", "pk": 1, "fields": {"name": "Earth/Mud/Drug/Sand", "code": 1}}, {"model": "DreamsApp.floormaterial", "pk": 2, "fields": {"name": "Wood Planks", "code": 2}}, {"model": "DreamsApp.floormaterial", "pk": 3, "fields": {"name": "Ceramics", "code": 3}}, {"model": "DreamsApp.floormaterial", "pk": 4, "fields": {"name": "Cement", "code": 4}}, {"model": "DreamsApp.floormaterial", "pk": 96, "fields": {"name": "Other Specify", "code": 96}}, {"model": "DreamsApp.drinkingwater", "pk": 1, "fields": {"name": "Piped Water", "code": 1}}, {"model": "DreamsApp.drinkingwater", "pk": 2, "fields": {"name": "Open Well", "code": 2}}, {"model": "DreamsApp.drinkingwater", "pk": 3, "fields": {"name": "Covered Well/borehole", "code": 3}}, {"model": "DreamsApp.drinkingwater", "pk": 4, "fields": {"name": "Surface Water(river, spring,lake)", "code": 4}}, {"model": "DreamsApp.drinkingwater", "pk": 5, "fields": {"name": "Rain Water", "code": 5}}, {"model": "DreamsApp.drinkingwater", "pk": 96, "fields": {"name": "Other/Specify", "code": 96}}, {"model": "DreamsApp.disabilitytype", "pk": 1, "fields": {"name": "Hearing impairment", "code": 1}}, {"model": "DreamsApp.disabilitytype", "pk": 2, "fields": {"name": "Speech Impairment", "code": 2}}, {"model": "DreamsApp.disabilitytype", "pk": 3, "fields": {"name": "Visual Impairment", "code": 3}}, {"model": "DreamsApp.disabilitytype", "pk": 4, "fields": {"name": "Mental Impairment", "code": 4}}, {"model": "DreamsApp.disabilitytype", "pk": 5, "fields": {"name": "Physical Impairment", "code": 5}}, {"model": "DreamsApp.disabilitytype", "pk": 96, "fields": {"name": "Other(specify)", "code": 96}}, {"model": "DreamsApp.schooltype", "pk": 1, "fields": {"name": "Formal", "code": 1}}, {"model": "DreamsApp.schooltype", "pk": 2, "fields": {"name": "Informal", "code": 2}}, {"model": "DreamsApp.schoollevel", "pk": 1, "fields": {"name": "Nursery", "code": 1}}, {"model": "DreamsApp.schoollevel", "pk": 2, "fields": {"name": "Primary Level", "code": 2}}, {"model": "DreamsApp.schoollevel", "pk": 3, "fields": {"name": "Secondary Level", "code": 3}}, {"model": "DreamsApp.schoollevel", "pk": 4, "fields": {"name": "Tertiarylevel (college/university)", "code": 4}}, {"model": "DreamsApp.schoollevel", "pk": 5, "fields": {"name": "Vocational level", "code": 5}}, {"model": "DreamsApp.schoollevel", "pk": 96, "fields": {"name": "Other(specify)", "code": 96}}, {"model": "DreamsApp.educationsupporter", "pk": 1, "fields": {"name": "Government Bursary", "code": 1}}, {"model": "DreamsApp.educationsupporter", "pk": 2, "fields": {"name": "NGO", "code": 2}}, {"model": "DreamsApp.educationsupporter", "pk": 3, "fields": {"name": "Faith-based institutions (Church, Mosque etc.)", "code": 3}}, {"model": "DreamsApp.educationsupporter", "pk": 4, "fields": {"name": "Relatives (excludes parent/guardian)", "code": 4}}, {"model": "DreamsApp.educationsupporter", "pk": 5, "fields": {"name": "None (no additional support)", "code": 5}}, {"model": "DreamsApp.educationsupporter", "pk": 96, "fields": {"name": "Other(specify)", "code": 96}}, {"model": "DreamsApp.reasonnotinschool", "pk": 1, "fields": {"name": "Completed High School", "code": 1}}, {"model": "DreamsApp.reasonnotinschool", "pk": 2, "fields": {"name": "Lack of School Fees", "code": 2}}, {"model": "DreamsApp.reasonnotinschool", "pk": 3, "fields": {"name": "Pregnancy", "code": 3}}, {"model": "DreamsApp.reasonnotinschool", "pk": 4, "fields": {"name": "Peer Pressure", "code": 4}}, {"model": "DreamsApp.reasonnotinschool", "pk": 5, "fields": {"name": "Not interested", "code": 5}}, {"model": "DreamsApp.reasonnotinschool", "pk": 6, "fields": {"name": "Awaiting to join Secondary", "code": 6}}, {"model": "DreamsApp.reasonnotinschool", "pk": 7, "fields": {"name": "Got married", "code": 7}}, {"model": "DreamsApp.reasonnotinschool", "pk": 96, "fields": {"name": "Other(specify)", "code": 96}}, {"model": "DreamsApp.lifewish", "pk": 1, "fields": {"name": "Pursue a course", "code": 1}}, {"model": "DreamsApp.lifewish", "pk": 2, "fields": {"name": "Start a business", "code": 2}}, {"model": "DreamsApp.lifewish", "pk": 3, "fields": {"name": "Go back to school", "code": 3}}, {"model": "DreamsApp.lifewish", "pk": 4, "fields": {"name": "Get married", "code": 4}}, {"model": "DreamsApp.lifewish", "pk": 96, "fields": {"name": "Other(specify)", "code": 96}}, {"model": "DreamsApp.sourceofincome", "pk": 1, "fields": {"name": "Formally employed", "code": 1}}, {"model": "DreamsApp.sourceofincome", "pk": 2, "fields": {"name": "Business person", "code": 2}}, {"model": "DreamsApp.sourceofincome", "pk": 3, "fields": {"name": "Casual labour", "code": 3}}, {"model": "DreamsApp.sourceofincome", "pk": 4, "fields": {"name": "Petty trade (hawker etc)", "code": 4}}, {"model": "DreamsApp.sourceofincome", "pk": 5, "fields": {"name": "Farmer", "code": 5}}, {"model": "DreamsApp.sourceofincome", "pk": 6, "fields": {"name": "None ( I have no source of income)", "code": 6}}, {"model": "DreamsApp.sourceofincome", "pk": 96, "fields": {"name": "Other(specify)", "code": 96}}, {"model": "DreamsApp.bankingplace", "pk": 1, "fields": {"name": "At home", "code": 1}}, {"model": "DreamsApp.bankingplace", "pk": 2, "fields": {"name": "Table banking", "code": 2}}, {"model": "DreamsApp.bankingplace", "pk": 3, "fields": {"name": "In the bank", "code": 3}}, {"model": "DreamsApp.bankingplace", "pk": 96, "fields": {"name": "Other(specify)", "code": 96}}, {"model": "DreamsApp.hivtestresultresponse", "pk": 1, "fields": {"name": "Positive", "code": 1}}, {"model": "DreamsApp.hivtestresultresponse", "pk": 2, "fields": {"name": "Negative", "code": 2}}, {"model": "DreamsApp.hivtestresultresponse", "pk": 3, "fields": {"name": "Don't Know", "code": 3}}, {"model": "DreamsApp.hivtestresultresponse", "pk": 4, "fields": {"name": "Declined to disclose", "code": 4}}, {"model": "DreamsApp.reasonnotinhivcare", "pk": 1, "fields": {"name": "Facility is too far away", "code": 1}}, {"model": "DreamsApp.reasonnotinhivcare", "pk": 2, "fields": {"name": "I don't know where clinic is", "code": 2}}, {"model": "DreamsApp.reasonnotinhivcare", "pk": 3, "fields": {"name": "I can't afford it", "code": 3}}, {"model": "DreamsApp.reasonnotinhivcare", "pk": 4, "fields": {"name": "I feel healthy/not sick", "code": 4}}, {"model": "DreamsApp.reasonnotinhivcare", "pk": 5, "fields": {"name": "I fear people will know I have HIV if I go to clin", "code": 5}}, {"model": "DreamsApp.reasonnotinhivcare", "pk": 6, "fields": {"name": "I feel I will be discriminated against by people a", "code": 6}}, {"model": "DreamsApp.reasonnotinhivcare", "pk": 7, "fields": {"name": "The providers at facility are unfriendly", "code": 7}}, {"model": "DreamsApp.reasonnotinhivcare", "pk": 8, "fields": {"name": "I am taking alternative medicine that is not avail", "code": 8}}, {"model": "DreamsApp.reasonnotinhivcare", "pk": 9, "fields": {"name": "I'm too busy to go", "code": 9}}, {"model": "DreamsApp.reasonnotinhivcare", "pk": 96, "fields": {"name": "Other(specify)", "code": 96}}, {"model": "DreamsApp.reasonnottestedforhiv", "pk": 1, "fields": {"name": "I have no knowledge about HIV test", "code": 1}}, {"model": "DreamsApp.reasonnottestedforhiv", "pk": 2, "fields": {"name": "I don't know where to get one", "code": 2}}, {"model": "DreamsApp.reasonnottestedforhiv", "pk": 3, "fields": {"name": "I can't afford it", "code": 3}}, {"model": "DreamsApp.reasonnottestedforhiv", "pk": 4, "fields": {"name": "Transport to site is too much", "code": 4}}, {"model": "DreamsApp.reasonnottestedforhiv", "pk": 5, "fields": {"name": "Testing facility is too far away", "code": 5}}, {"model": "DreamsApp.reasonnottestedforhiv", "pk": 6, "fields": {"name": "I am afraid others will know about test/ test resu", "code": 6}}, {"model": "DreamsApp.reasonnottestedforhiv", "pk": 7, "fields": {"name": "I don't need to test/ Low risk", "code": 7}}, {"model": "DreamsApp.reasonnottestedforhiv", "pk": 8, "fields": {"name": "I am afraid to know if I have HIV", "code": 8}}, {"model": "DreamsApp.reasonnottestedforhiv", "pk": 9, "fields": {"name": "I'm too busy to go", "code": 9}}, {"model": "DreamsApp.reasonnottestedforhiv", "pk": 96, "fields": {"name": "Other(specify)", "code": 96}}, {"model": "DreamsApp.ageofsexualpartner", "pk": 2, "fields": {"name": "Same Age", "code": 2}}, {"model": "DreamsApp.ageofsexualpartner", "pk": 3, "fields": {"name": "Younger", "code": 3}}, {"model": "DreamsApp.ageofsexualpartner", "pk": 4, "fields": {"name": "Older", "code": 4}}, {"model": "DreamsApp.frequencyresponse", "pk": 1, "fields": {"name": "Rarely (1-2 days)", "code": 1}}, {"model": "DreamsApp.frequencyresponse", "pk": 2, "fields": {"name": "Sometimes (3-10 days)", "code": 2}}, {"model": "DreamsApp.frequencyresponse", "pk": 3, "fields": {"name": "Often (more than 10 days)", "code": 3}}, {"model": "DreamsApp.frequencyresponse", "pk": 4, "fields": {"name": "Always", "code": 4}}, {"model": "DreamsApp.frequencyresponse", "pk": 5, "fields": {"name": "Sometimes", "code": 5}}, {"model": "DreamsApp.frequencyresponse", "pk": 6, "fields": {"name": "Never", "code": 6}}, {"model": "DreamsApp.frequencyresponse", "pk": 7, "fields": {"name": "Often", "code": 7}}, {"model": "DreamsApp.frequencyresponse", "pk": 8, "fields": {"name": "Not in the last 3 months", "code": 8}}, {"model": "DreamsApp.frequencyresponse", "pk": 9, "fields": {"name": "Everyday", "code": 9}}, {"model": "DreamsApp.frequencyresponse", "pk": 10, "fields": {"name": "5 to 6 times a week", "code": 10}}, {"model": "DreamsApp.frequencyresponse", "pk": 11, "fields": {"name": "3 to 4 times a week", "code": 11}}, {"model": "DreamsApp.frequencyresponse", "pk": 12, "fields": {"name": "Once a week", "code": 12}}, {"model": "DreamsApp.frequencyresponse", "pk": 13, "fields": {"name": "2 to 3 times a month", "code": 13}}, {"model": "DreamsApp.frequencyresponse", "pk": 14, "fields": {"name": "Once a month", "code": 14}}, {"model": "DreamsApp.frequencyresponse", "pk": 15, "fields": {"name": "3 to 11 times in the past year", "code": 15}}, {"model": "DreamsApp.frequencyresponse", "pk": 16, "fields": {"name": "1 or 2 times in the past year", "code": 16}}, {"model": "DreamsApp.familyplanningmethod", "pk": 1, "fields": {"name": "Pills", "code": 1}}, {"model": "DreamsApp.familyplanningmethod", "pk": 2, "fields": {"name": "Injectable", "code": 2}}, {"model": "DreamsApp.familyplanningmethod", "pk": 3, "fields": {"name": "Implants", "code": 3}}, {"model": "DreamsApp.familyplanningmethod", "pk": 4, "fields": {"name": "IUCD (Coil)", "code": 4}}, {"model": "DreamsApp.familyplanningmethod", "pk": 5, "fields": {"name": "Condom", "code": 5}}, {"model": "DreamsApp.familyplanningmethod", "pk": 6, "fields": {"name": "Permanent (Tubal Ligation)", "code": 6}}, {"model": "DreamsApp.familyplanningmethod", "pk": 96, "fields": {"name": "Other(specify)", "code": 96}}, {"model": "DreamsApp.reasonnotusingfamilyplanning", "pk": 1, "fields": {"name": "Not sexually active", "code": 1}}, {"model": "DreamsApp.reasonnotusingfamilyplanning", "pk": 2, "fields": {"name": "Religious reasons", "code": 2}}, {"model": "DreamsApp.reasonnotusingfamilyplanning", "pk": 3, "fields": {"name": "Cannot afford", "code": 3}}, {"model": "DreamsApp.reasonnotusingfamilyplanning", "pk": 4, "fields": {"name": "Do not know where to get", "code": 4}}, {"model": "DreamsApp.reasonnotusingfamilyplanning", "pk": 5, "fields": {"name": "Currently pregnant", "code": 5}}, {"model": "DreamsApp.reasonnotusingfamilyplanning", "pk": 96, "fields": {"name": "Other(specify)", "code": 96}}, {"model": "DreamsApp.gbvhelpprovider", "pk": 1, "fields": {"name": "My Family", "code": 1}}, {"model": "DreamsApp.gbvhelpprovider", "pk": 2, "fields": {"name": "Husband/Partner/Boyfriend's family", "code": 2}}, {"model": "DreamsApp.gbvhelpprovider", "pk": 3, "fields": {"name": "Friend", "code": 3}}, {"model": "DreamsApp.gbvhelpprovider", "pk": 4, "fields": {"name": "Neighbour", "code": 4}}, {"model": "DreamsApp.gbvhelpprovider", "pk": 5, "fields": {"name": "Religious leader", "code": 5}}, {"model": "DreamsApp.gbvhelpprovider", "pk": 6, "fields": {"name": "Doctor/Medical personnel", "code": 6}}, {"model": "DreamsApp.gbvhelpprovider", "pk": 7, "fields": {"name": "Chief or village elder", "code": 7}}, {"model": "DreamsApp.gbvhelpprovider", "pk": 8, "fields": {"name": "Police", "code": 8}}, {"model": "DreamsApp.gbvhelpprovider", "pk": 9, "fields": {"name": "Justice system", "code": 9}}, {"model": "DreamsApp.gbvhelpprovider", "pk": 10, "fields": {"name": "NGO/CBO", "code": 10}}, {"model": "DreamsApp.gbvhelpprovider", "pk": 96, "fields": {"name": "Other(specify)", "code": 96}}, {"model": "DreamsApp.drug", "pk": 1, "fields": {"name": "Khat/Miraa", "code": 1}}, {"model": "DreamsApp.drug", "pk": 2, "fields": {"name": "Glue, Petrol/Gundi", "code": 2}}, {"model": "DreamsApp.drug", "pk": 3, "fields": {"name": "Bhang", "code": 3}}, {"model": "DreamsApp.drug", "pk": 4, "fields": {"name": "Cocaine", "code": 4}}, {"model": "DreamsApp.drug", "pk": 5, "fields": {"name": "Heroin", "code": 5}}, {"model": "DreamsApp.drug", "pk": 6, "fields": {"name": "Mandrax", "code": 6}}, {"model": "DreamsApp.drug", "pk": 7, "fields": {"name": "Kuber", "code": 7}}, {"model": "DreamsApp.drug", "pk": 8, "fields": {"name": "Cigarettes/Tobacco", "code": 8}}, {"model": "DreamsApp.drug", "pk": 96, "fields": {"name": "Other(specify)", "code": 96}}, {"model": "DreamsApp.dreamsprogramme", "pk": 1, "fields": {"name": "Health Choices for a Better Future (HCBF or HC1)", "code": 1}}, {"model": "DreamsApp.dreamsprogramme", "pk": 2, "fields": {"name": "My Health My Choice (MHMC or HC2)", "code": 2}}, {"model": "DreamsApp.dreamsprogramme", "pk": 3, "fields": {"name": "RESPECT-K", "code": 3}}, {"model": "DreamsApp.dreamsprogramme", "pk": 4, "fields": {"name": "SHUGA", "code": 4}}, {"model": "DreamsApp.dreamsprogramme", "pk": 5, "fields": {"name": "Sister to Sister-K", "code": 5}}, {"model": "DreamsApp.dreamsprogramme", "pk": 6, "fields": {"name": "Making Life's Responsible Choices (MLRC)", "code": 6}}, {"model": "DreamsApp.dreamsprogramme", "pk": 7, "fields": {"name": "Families Matter Programme (FMP)", "code": 7}}, {"model": "DreamsApp.dreamsprogramme", "pk": 8, "fields": {"name": "None", "code": 8}}, {"model": "DreamsApp.dreamsprogramme", "pk": 96, "fields": {"name": "Other life skills programs(Specify)", "code": 96}}]